age,workclass,fnlwgt,education,education-num,marital-status,occupation,relationship,race,sex,capital-gain,capital-loss,hours-per-week,native-country,salary
37.0,3,0.11704655943362754,8,11.0,2,2,0,4,1,0.0,0.0,0.6020408163265306,38,1
54.0,2,0.12793146221701013,9,13.0,0,3,1,4,0,0.0,0.0,0.3979591836734694,38,0
25.0,2,0.33805694058126845,11,9.0,4,7,3,4,0,0.0,0.0,0.05102040816326531,38,0
26.0,2,0.04942149409441888,15,10.0,4,0,1,1,0,0.0,0.0,0.29591836734693877,38,0
44.0,2,0.0043482735552925434,15,10.0,4,3,3,0,0,0.0,0.6322314049586777,0.37755102040816324,38,0
41.0,5,0.011735328131474675,13,6.0,0,13,1,4,0,0.0,0.0,0.3979591836734694,38,0
35.0,4,0.2991973772232258,14,15.0,4,9,3,1,1,0.0,0.0,0.42857142857142855,38,1
66.0,2,0.05404940592101878,2,8.0,2,7,0,4,1,0.0,0.0,0.3979591836734694,38,0
33.0,2,0.016102560213635514,9,13.0,2,9,0,4,1,0.0,0.3650137741046832,0.3979591836734694,38,0
39.0,2,0.05799548787060534,11,9.0,0,6,4,2,0,0.0,0.0,0.3979591836734694,38,0
53.0,2,0.09732292058814768,5,4.0,2,7,0,4,1,0.0,0.0,0.3979591836734694,38,0
44.0,0,0.09377225934181412,11,9.0,2,2,0,4,1,0.0,0.0,0.3979591836734694,38,0
21.0,2,0.16258290970053652,15,10.0,4,11,1,4,0,0.0,0.0,0.19387755102040816,38,0
45.0,5,0.03076562656577119,10,16.0,2,9,0,4,1,0.0,0.0,0.5510204081632653,38,1
24.0,2,0.11960866892182857,2,8.0,4,7,1,4,0,0.0,0.0,0.19387755102040816,38,0
17.0,2,0.19068757160229344,1,7.0,4,5,3,2,1,0.0,0.0,0.17346938775510204,38,0
50.0,1,0.04581328017723514,9,13.0,2,9,5,4,0,0.0,0.0,0.3979591836734694,38,1
49.0,2,0.17233978013525555,10,16.0,4,9,2,4,1,0.0,0.0,0.3979591836734694,13,1
53.0,1,0.01536588602675319,12,14.0,2,9,5,4,0,0.0,0.5204315886134068,0.3979591836734694,38,1
19.0,2,0.209601410514399,15,10.0,4,0,2,4,1,0.0,0.0,0.19387755102040816,38,0
45.0,1,0.236931481175537,15,10.0,2,3,0,4,1,0.0,0.0,0.3979591836734694,38,0
38.0,0,0.1200372670471011,9,13.0,2,0,0,4,1,0.0,0.0,0.3979591836734694,38,0
40.0,2,0.12523461176999515,4,3.0,2,7,5,4,0,0.0,0.0,0.37755102040816324,25,0
28.0,2,0.19071668648284118,3,5.0,2,7,0,4,0,0.0,0.0,0.3979591836734694,38,1
47.0,2,0.15724202184563968,14,15.0,2,9,0,4,1,0.0,0.0,0.3979591836734694,38,0
35.0,2,0.17741795697497745,5,4.0,6,7,1,4,1,0.0,0.0,0.3673469387755102,1,0
21.0,2,0.006988248421702638,15,10.0,4,3,1,4,0,0.0,0.0,0.19387755102040816,38,0
23.0,2,0.1283160494763384,11,9.0,4,6,3,4,0,0.0,0.0,0.3163265306122449,38,0
30.0,4,0.052280169110059664,7,12.0,4,13,1,4,1,0.0,0.4331955922865014,0.3979591836734694,38,0
39.0,2,0.08883153182188736,11,9.0,2,6,5,2,0,0.0,0.0,0.5612244897959183,38,0
30.0,4,0.22454343804759674,15,10.0,2,11,0,4,1,0.0,0.0,0.29591836734693877,38,0
54.0,2,0.12874397051136563,11,9.0,2,13,0,4,1,0.0,0.0,0.3979591836734694,38,1
18.0,2,0.1544172013422637,11,9.0,4,5,3,4,1,0.0,0.39623507805325986,0.3469387755102041,38,0
63.0,2,0.15088685280328903,5,4.0,2,4,0,4,1,0.0,0.0,0.6020408163265306,38,0
38.0,2,0.15520804274876973,9,13.0,2,3,0,4,1,0.0,0.0,0.5510204081632653,38,1
47.0,2,0.2236090535090879,11,9.0,2,7,0,4,1,0.0,0.0,0.3979591836734694,38,0
26.0,2,0.03017994350358993,9,13.0,4,12,4,3,1,0.0,0.0,0.3979591836734694,5,0
34.0,2,0.03187402329732116,1,7.0,4,13,3,2,0,0.0,0.0,0.3979591836734694,38,0
23.0,2,0.10035560779682959,9,13.0,4,11,3,1,0,0.033250332503325035,0.0,0.07142857142857142,38,0
40.0,2,0.19795004157334106,15,10.0,2,13,0,4,1,0.0,0.0,0.6122448979591837,13,1
34.0,2,0.13257765548023304,11,9.0,2,7,0,4,0,0.0,0.0,0.8061224489795918,38,0
50.0,4,0.11539175087412351,6,5.0,2,6,5,4,0,0.0,0.0,0.3979591836734694,38,0
48.0,4,0.24807977206433982,12,14.0,2,3,0,4,1,0.0,0.0,0.3979591836734694,38,0
45.0,3,0.10119181424977047,6,5.0,2,2,0,4,1,0.0,0.0,0.3469387755102041,38,0
45.0,2,0.04710652254575099,7,12.0,4,3,3,4,0,0.0,0.0,0.37755102040816324,38,0
25.0,2,0.19206477316122603,15,10.0,4,0,3,2,1,0.0,0.0,0.3979591836734694,38,0
30.0,0,0.11917465407459368,9,13.0,2,0,0,4,1,0.0,0.0,0.3979591836734694,38,0
50.0,2,0.037817521470531676,8,11.0,2,11,2,4,1,0.03103031030310303,0.0,0.3979591836734694,38,1
29.0,2,0.17457824048620496,9,13.0,4,9,3,4,1,0.0,0.0,0.8469387755102041,38,0
21.0,2,0.06044655455857779,11,9.0,2,10,5,4,0,0.0,0.0,0.5,38,0
30.0,4,0.06794329775449791,8,11.0,0,10,4,4,0,0.0,0.0,0.24489795918367346,38,0
34.0,2,0.16062747307212094,9,13.0,2,0,0,4,1,0.0,0.0,0.3979591836734694,22,0
39.0,2,0.11023300029521135,12,14.0,2,3,0,4,1,0.0,0.048898071625344354,0.5,38,1
31.0,2,0.33474190674029797,6,6.0,0,13,4,4,1,0.04934049340493405,0.0,0.3469387755102041,38,1
32.0,2,0.12157155354294241,11,9.0,2,5,0,4,1,0.0,0.0,0.3979591836734694,38,1
43.0,2,0.18122049579256122,11,9.0,0,2,1,4,0,0.0,0.0,0.3979591836734694,38,0
30.0,2,0.1002635235234693,7,12.0,4,4,1,4,1,0.0,0.0,0.3979591836734694,38,0
28.0,2,0.14717504407857496,15,10.0,4,5,1,4,1,0.0,0.0,0.3979591836734694,38,0
34.0,2,0.028003098364962474,15,10.0,2,7,5,4,0,0.0,0.0,0.3979591836734694,38,0
23.0,5,0.3036323183299163,5,4.0,4,11,3,4,1,0.0,0.0,0.3979591836734694,38,0
46.0,2,0.28093354494660466,9,13.0,2,3,0,4,1,0.0,0.0,0.5510204081632653,38,1
33.0,2,0.07509946455703402,12,14.0,0,3,4,2,0,0.0,0.45385674931129477,0.2755102040816326,38,1
62.0,4,0.16825895722685502,15,10.0,2,4,0,4,1,0.04386043860438604,0.0,0.5510204081632653,38,1
49.0,5,0.1035724635522321,12,14.0,2,3,5,4,0,0.0,0.0,0.32653061224489793,38,0
74.0,5,0.10327996056626411,11,9.0,4,7,3,4,1,0.0,0.0,0.07142857142857142,38,0
56.0,5,0.06505144531683761,6,5.0,0,12,3,4,0,0.0,0.0,0.3979591836734694,38,0
43.0,2,0.09944898395837791,15,10.0,4,6,1,4,1,0.0,0.0,0.47959183673469385,38,0
41.0,2,0.013432793376432384,11,9.0,4,7,1,4,0,0.0,0.0,0.5612244897959183,38,0
43.0,2,0.2176838367725004,11,9.0,2,3,0,4,1,0.0,0.0,0.3979591836734694,38,1
59.0,5,0.08539394464651827,9,13.0,0,3,1,4,0,0.0,0.0,0.3979591836734694,38,0
59.0,1,0.10686921595657956,9,13.0,0,3,1,4,1,0.0,0.0,0.3979591836734694,38,0
53.0,1,0.01536588602675319,12,14.0,2,9,0,4,1,0.0,0.45385674931129477,0.5,38,1
33.0,0,0.08391111700931947,11,9.0,2,10,0,4,1,0.0,0.0,0.37755102040816324,38,0
28.0,2,0.2668954328908774,15,10.0,4,7,1,4,1,0.0,0.0,0.3979591836734694,38,0
36.0,1,0.1367228019619367,15,10.0,4,0,1,4,1,0.0,0.0,0.5510204081632653,38,0
30.0,2,0.209601410514399,1,7.0,2,0,0,4,1,0.0,0.0,0.3979591836734694,38,0
83.0,4,0.06292741321734326,6,5.0,2,7,5,4,0,0.02885028850288503,0.0,0.19387755102040816,38,0
42.0,2,0.1150322159538712,0,6.0,2,6,0,4,1,0.0,0.0,0.47959183673469385,38,1
44.0,0,0.12079357685109703,11,9.0,0,0,4,4,0,0.0,0.0,0.3979591836734694,38,0
37.0,2,0.16853927258840767,11,9.0,2,3,0,4,1,0.0,0.0,0.3979591836734694,38,0
49.0,2,0.18842812145373983,9,13.0,2,11,0,4,1,0.0,0.0,0.5,38,0
54.0,5,0.06072619282988514,10,16.0,2,3,0,4,1,0.0,0.0,0.5,38,1
35.0,2,0.13989090721967787,8,11.0,4,7,1,4,0,0.0,0.0,0.4489795918367347,38,0
32.0,2,0.08308709818079393,11,9.0,4,2,1,4,1,0.0,0.0,0.3979591836734694,38,0
34.0,3,0.0754461347626257,15,10.0,0,3,4,4,0,0.0,0.0,0.3979591836734694,38,0
50.0,2,0.07547592673341874,11,9.0,2,6,5,4,0,0.0,0.0,0.3979591836734694,38,0
27.0,2,0.22220747670132465,12,14.0,4,3,3,4,1,0.0,0.048898071625344354,0.3979591836734694,38,0
36.0,2,0.22714211040904375,15,10.0,2,11,0,4,1,0.0,0.0,0.5,38,0
29.0,2,0.32861965674232924,11,9.0,2,13,0,4,1,0.0,0.0,0.6122448979591837,38,0
36.0,2,0.024119985808188457,11,9.0,4,4,1,4,1,0.0,0.0,0.3979591836734694,38,0
38.0,1,0.16166071278644303,14,15.0,4,9,1,4,0,0.0,0.0,0.4489795918367347,38,0
35.0,2,0.22239096815779993,15,10.0,4,2,1,4,1,0.0,0.0,0.5,38,0
25.0,2,0.152664891787437,11,9.0,4,2,3,4,1,0.0,0.0,0.3979591836734694,38,0
29.0,2,0.01800450671267269,10,16.0,2,3,0,4,1,0.15024150241502415,0.0,0.5,38,1
38.0,2,0.16885953627443281,11,9.0,2,6,5,4,0,0.0,0.0,0.3979591836734694,38,0
39.0,2,0.08883153182188736,10,16.0,4,3,1,4,0,0.0,0.45385674931129477,0.5,38,0
63.0,2,0.06265183748750769,11,9.0,2,10,0,4,1,0.0,0.0,0.3979591836734694,38,0
19.0,2,0.16646940770853702,15,10.0,4,0,1,4,1,0.0,0.0,0.3979591836734694,38,0
37.0,2,0.07656333366736452,9,13.0,0,9,4,4,0,0.08614086140861409,0.0,0.4489795918367347,38,1
47.0,4,0.091479631771241,6,5.0,2,2,0,4,1,0.0,0.0,0.3163265306122449,38,0
38.0,1,0.21539391756290846,7,12.0,6,3,1,4,1,0.0,0.0,0.3469387755102041,38,0
68.0,2,0.07272490906678006,5,4.0,6,7,1,4,0,0.0,0.0,0.35714285714285715,10,0
34.0,2,0.08604395128200266,8,11.0,0,4,4,4,0,0.0,0.0,0.4489795918367347,38,0
60.0,5,0.04635495237347215,5,4.0,2,2,0,4,1,0.02885028850288503,0.0,0.3979591836734694,38,0
52.0,1,0.14665977840190453,15,10.0,2,5,5,4,0,0.0,0.0,0.3979591836734694,38,0
35.0,2,0.1254979998754154,11,9.0,2,11,0,4,1,0.0,0.0,0.5,38,0
61.0,5,0.011932361392855886,5,4.0,2,2,0,4,1,1.0,0.0,0.5,38,0
20.0,2,0.25342607664119904,1,7.0,4,9,1,1,0,0.0,0.0,0.19387755102040816,38,0
23.0,2,0.15106492753780196,9,13.0,4,0,3,2,1,0.0,0.0,0.3979591836734694,38,0
24.0,2,0.10226567937881033,9,13.0,4,11,1,4,1,0.0,0.0,0.3979591836734694,38,0
22.0,2,0.15710660379658042,2,8.0,2,6,0,4,1,0.0,0.0,0.24489795918367346,38,0
56.0,1,0.17870307426054974,15,10.0,2,9,0,4,1,0.0,0.0,0.3979591836734694,38,1
35.0,2,0.2090035398278024,15,10.0,4,2,1,4,1,0.0,0.0,0.3163265306122449,38,0
46.0,2,0.21550699163387294,11,9.0,5,6,1,4,1,0.0,0.0,0.3979591836734694,38,0
46.0,4,0.091479631771241,11,9.0,2,11,0,4,1,0.0,0.0,0.5,38,0
28.0,2,0.13136972648262452,14,15.0,2,9,0,4,1,0.0,0.0,0.5,38,1
77.0,3,0.13485470997516433,9,13.0,2,11,0,4,1,0.0,0.0,0.3979591836734694,38,1
22.0,2,0.10074425759762964,1,7.0,4,11,1,4,1,0.0,0.0,0.24489795918367346,38,0
35.0,2,0.10614811484533905,11,9.0,2,9,0,4,1,0.0,0.0,0.4489795918367347,38,0
44.0,2,0.18162742702998427,15,10.0,0,6,1,4,0,0.0,0.0,0.6020408163265306,38,0
32.0,2,0.0946985187973794,11,9.0,2,3,0,4,1,0.0,0.0,0.3979591836734694,38,1
47.0,2,0.09174775950837831,9,13.0,2,12,0,4,1,0.0,0.0,0.5,38,1
57.0,2,0.09840491080013108,11,9.0,4,0,3,4,0,0.0,0.0,0.37755102040816324,38,0
24.0,2,0.10766005736308558,2,8.0,2,5,0,4,1,0.0,0.0,0.24489795918367346,38,0
32.0,2,0.24149642360932436,1,7.0,4,4,4,4,0,0.0,0.0,0.3979591836734694,38,0
39.0,5,0.22565657441086379,15,10.0,2,10,0,4,1,0.0,0.0,0.3979591836734694,38,0
21.0,2,0.07339455131937805,15,10.0,4,11,3,4,0,0.0,0.0,0.2653061224489796,38,0
21.0,2,0.10253042166472116,11,9.0,4,11,1,4,1,0.0,0.0,0.29591836734693877,38,0
44.0,2,0.11773516021309384,9,13.0,4,3,1,4,0,0.0,0.0,0.6020408163265306,38,0
19.0,2,0.08596811717452948,11,9.0,4,2,3,4,1,0.0,0.0,0.3979591836734694,38,0
32.0,2,0.24359743464047862,15,10.0,2,11,0,4,1,0.0,0.0,0.5714285714285714,38,1
24.0,2,0.14269406083520436,7,12.0,4,5,3,4,1,0.0,0.0,0.3979591836734694,38,0
21.0,2,0.133089535705677,15,10.0,4,0,3,4,0,0.0,0.0,0.19387755102040816,38,0
42.0,2,0.3362294740092138,1,7.0,2,2,0,4,1,0.0,0.0,0.42857142857142855,38,0
42.0,2,0.1282273506542046,11,9.0,2,6,0,4,1,0.0,0.0,0.3979591836734694,38,1
28.0,2,0.14717504407857496,11,9.0,2,3,0,4,1,0.0,0.0,0.6020408163265306,38,0
80.0,4,0.014401032427206027,6,5.0,2,7,0,4,1,0.0,0.0,0.3979591836734694,38,0
31.0,2,0.032375747169085686,11,9.0,4,7,1,4,1,0.0,0.0,0.3979591836734694,38,0
43.0,2,0.1416906130916753,0,6.0,2,4,0,4,1,0.0,0.0,0.3979591836734694,38,0
35.0,2,0.19864202780403384,11,9.0,4,2,1,4,1,0.0,0.0,0.3979591836734694,38,0
28.0,0,0.09942934834126432,9,13.0,4,0,1,4,0,0.0,0.0,0.3979591836734694,38,0
49.0,2,0.11573909816996049,9,13.0,0,3,1,4,1,0.0,0.0,0.6020408163265306,38,0
38.0,2,0.19714091873021203,15,10.0,2,0,5,4,0,0.0,0.0,0.3979591836734694,38,1
58.0,2,0.05877888128441311,15,10.0,2,2,0,4,1,0.0,0.4331955922865014,0.3979591836734694,38,1
46.0,2,0.12835938325203736,11,9.0,5,0,4,4,0,0.0,0.0,0.3979591836734694,30,0
66.0,4,0.10755984800678174,11,9.0,6,3,1,2,0,0.0,0.0,0.15306122448979592,38,0
37.0,2,0.06680578614240021,9,13.0,4,6,1,4,0,0.0,0.0,0.29591836734693877,38,0
21.0,5,0.08753016437042795,15,10.0,4,7,3,4,0,0.0,0.0,0.19387755102040816,23,0
32.0,2,0.08308709818079393,15,10.0,5,11,1,4,0,0.0,0.0,0.3979591836734694,38,0
34.0,2,0.05013379303247054,9,13.0,2,9,5,4,0,0.0,0.0,0.09183673469387756,38,0
27.0,2,0.05562634910231375,15,10.0,0,2,1,4,1,0.0,0.4331955922865014,0.4489795918367347,38,0
62.0,2,0.007463565773900609,15,10.0,2,4,5,0,0,0.0,0.0,0.3979591836734694,38,0
31.0,2,0.09385621853223085,15,10.0,2,3,0,4,1,0.0,0.3624885215794307,0.4387755102040816,38,1
41.0,2,0.22625715345844155,15,10.0,2,2,0,4,1,0.0,0.0,0.3979591836734694,38,0
45.0,2,0.15068507991019076,15,10.0,2,6,0,4,1,0.0,0.0,0.3979591836734694,38,1
37.0,5,0.07006732985399226,8,11.0,2,10,0,4,1,0.03103031030310303,0.0,0.37755102040816324,38,0
34.0,2,0.02399810956403513,11,9.0,2,4,0,4,1,0.0,0.0,0.3979591836734694,38,0
47.0,5,0.1035724635522321,14,15.0,2,9,0,4,1,0.15020150201502014,0.0,0.3469387755102041,38,1
20.0,2,0.25342607664119904,1,7.0,4,8,3,4,1,0.0,0.0,0.24489795918367346,38,0
52.0,3,0.0741826843649029,6,5.0,2,9,0,4,1,0.0,0.0,0.5,38,0
39.0,2,0.15925297987416956,12,14.0,4,3,1,4,1,0.0,0.45385674931129477,0.3979591836734694,38,0
43.0,2,0.056192396547381424,11,9.0,0,6,3,4,0,0.0,0.0,0.7040816326530612,38,0
39.0,2,0.23953286189796522,11,9.0,0,11,1,4,1,0.0,0.0,0.6020408163265306,38,0
38.0,1,0.06206818569606232,9,13.0,2,9,5,4,0,0.0,0.0,0.4489795918367347,38,1
30.0,2,0.1002635235234693,11,9.0,4,11,1,2,0,0.0,0.0,0.5204081632653061,22,0
36.0,2,0.10854569140393308,12,14.0,2,3,0,4,1,0.0,0.0,0.3979591836734694,38,1
41.0,2,0.13322901629620804,11,9.0,2,13,0,4,1,0.0,0.0,0.5510204081632653,38,1
54.0,2,0.12658743808009706,15,10.0,2,12,0,4,1,0.0,0.0,0.29591836734693877,38,0
18.0,3,0.11607222657064624,1,7.0,4,0,3,4,0,0.0,0.0,0.11224489795918367,38,0
34.0,2,0.14475512354188616,15,10.0,4,0,1,4,1,0.0,0.0,0.3979591836734694,38,0
63.0,2,0.04823929452613162,15,10.0,2,7,0,4,1,0.0,0.0,0.3979591836734694,38,0
61.0,2,0.10084582113442409,11,9.0,0,7,1,4,1,0.0,0.5002295684113865,0.40816326530612246,38,0
35.0,2,0.0278175756377513,11,9.0,2,2,0,4,1,0.0,0.0,0.3979591836734694,38,0
31.0,2,0.11234484477029036,4,3.0,6,13,1,4,1,0.0,0.0,0.3979591836734694,25,0
21.0,2,0.13329401695975646,1,7.0,4,5,3,4,1,0.0,0.0,0.5,38,0
49.0,2,0.14351875675397519,9,13.0,2,11,0,4,1,0.0,0.0,0.47959183673469385,38,1
43.0,4,0.11314651962072113,11,9.0,2,2,0,4,1,0.051780517805178054,0.0,0.3979591836734694,38,1
32.0,2,0.3628783918835838,12,14.0,2,13,0,4,1,0.0,0.0,0.6122448979591837,25,0
21.0,2,0.07522269498167794,15,10.0,4,7,3,2,1,0.0,0.0,0.3469387755102041,38,0
25.0,2,0.10165020434583603,9,13.0,4,9,3,2,0,0.0,0.0,0.3469387755102041,38,0
22.0,1,0.11801682975513708,1,7.0,4,0,1,4,0,0.0,0.0,0.3979591836734694,38,0
43.0,3,0.1386748531391258,13,2.0,2,11,0,4,1,0.0,0.0,0.5510204081632653,25,0
19.0,2,0.0714892193691144,15,10.0,4,2,3,4,1,0.0,0.0,0.3979591836734694,38,0
31.0,2,0.2499079157266397,15,10.0,5,7,4,4,0,0.0,0.0,0.3979591836734694,38,1
46.0,2,0.06029488634363143,9,13.0,2,12,0,4,1,0.0,0.0,0.5,38,1
35.0,2,0.03158152031135318,11,9.0,0,2,1,4,1,0.0,0.0,0.3979591836734694,38,0
30.0,4,0.1117598387983544,11,9.0,2,2,0,4,1,0.03137031370313703,0.0,0.3979591836734694,38,0
33.0,2,0.057031988451548776,11,9.0,0,6,3,1,1,0.0,0.0,0.3979591836734694,29,0
41.0,1,0.09454888185316891,7,12.0,5,3,4,4,1,0.0,0.4366391184573003,0.5,38,0
49.0,3,0.13517971329290654,11,9.0,2,3,0,4,1,0.07298072980729807,0.0,0.5,38,1
21.0,2,0.14013195134700335,15,10.0,4,0,3,4,1,0.0,0.0,0.3979591836734694,38,0
43.0,2,0.056192396547381424,11,9.0,0,3,4,4,0,0.0,0.0,0.37755102040816324,38,0
36.0,2,0.03575849003458577,9,13.0,4,11,1,4,0,0.0,0.0,0.3979591836734694,38,0
50.0,2,0.07785589894563508,11,9.0,2,10,0,4,1,0.0,0.0,0.3979591836734694,38,0
28.0,2,0.1884321839952116,3,6.0,2,6,0,4,1,0.0,0.0,0.3979591836734694,38,0
21.0,2,0.2717298572422927,15,10.0,4,3,3,4,0,0.0,0.0,0.19387755102040816,38,0
36.0,2,0.199083490643967,15,10.0,0,5,1,4,1,0.0,0.0,0.3163265306122449,38,0
19.0,2,0.0198103063968778,15,10.0,4,7,3,4,1,0.0,0.0,0.19387755102040816,38,0
45.0,5,0.049512901277533876,7,12.0,2,10,0,4,1,0.0,0.0,0.3979591836734694,38,1
43.0,2,0.02784127379633667,11,9.0,4,7,3,4,0,0.0,0.0,0.3979591836734694,38,0
47.0,0,0.007362679327351467,10,16.0,0,9,4,4,0,0.0,0.0,0.3979591836734694,38,0
61.0,3,0.05745652403534953,1,7.0,2,2,0,4,1,0.06767067670676707,0.0,0.7040816326530612,38,1
33.0,2,0.008204979592500007,15,10.0,2,4,0,0,1,0.0,0.0,0.3979591836734694,38,0
37.0,0,0.06990550528536646,10,16.0,2,9,5,4,0,0.0,0.0,0.3979591836734694,38,1
45.0,4,0.11970820118788712,10,16.0,2,9,0,4,1,0.0,0.0,0.37755102040816324,38,1
21.0,2,0.11791594330858794,11,9.0,0,7,1,4,0,0.0,0.0,0.3979591836734694,38,0
38.0,3,0.11704655943362754,9,13.0,2,7,0,4,1,0.0,0.0,0.3979591836734694,38,0
29.0,2,0.17457824048620496,11,9.0,2,13,0,4,1,0.0,0.0,0.5102040816326531,38,0
57.0,2,0.09840491080013108,11,9.0,0,6,1,4,1,0.0,0.0,0.3979591836734694,38,0
27.0,2,0.22220747670132465,11,9.0,4,7,4,2,0,0.0,0.0,0.19387755102040816,38,0
61.0,2,0.11556237761593817,11,9.0,2,3,0,4,1,0.0,0.0,0.29591836734693877,38,0
32.0,2,0.05430737730447665,11,9.0,4,2,1,4,1,0.0,0.0,0.47959183673469385,38,0
29.0,2,0.01800450671267269,9,13.0,4,12,4,2,0,0.0,0.0,0.3469387755102041,38,0
33.0,2,0.10123243966448824,6,5.0,2,6,0,4,1,0.0,0.5002295684113865,0.8061224489795918,38,1
38.0,5,0.15023752325804993,9,13.0,2,3,0,4,1,0.0,0.0,0.4489795918367347,38,0
32.0,2,0.10460908871778066,11,9.0,4,3,4,4,0,0.0,0.0,0.3979591836734694,38,0
19.0,2,0.16646940770853702,11,9.0,4,7,1,4,0,0.0,0.0,0.3979591836734694,38,0
50.0,2,0.1519228008785923,12,14.0,2,11,0,1,1,0.0,0.0,0.6020408163265306,38,0
52.0,2,0.15018877276038858,9,13.0,2,11,0,4,1,0.0,0.0,0.5510204081632653,38,1
21.0,2,0.2736636269828588,15,10.0,4,11,3,4,1,0.0,0.0,0.19387755102040816,38,0
31.0,2,0.263299406598109,11,9.0,2,2,0,2,1,0.0,0.0,0.3979591836734694,38,1
25.0,2,0.33805694058126845,11,9.0,4,13,1,4,1,0.023540235402354025,0.0,0.3979591836734694,38,0
48.0,1,0.007362679327351467,8,11.0,0,7,4,4,0,0.0,0.0,0.3979591836734694,38,0
50.0,2,0.03324580813429137,8,11.0,2,3,0,4,1,0.0,0.0,0.4387755102040816,38,0
46.0,2,0.18216842213597598,11,9.0,5,11,4,4,0,0.0,0.0,0.4489795918367347,38,0
39.0,2,0.17922240247869198,11,9.0,2,6,5,4,0,0.0,0.0,0.35714285714285715,38,0
24.0,2,0.0469595939625217,8,11.0,0,4,3,4,0,0.0,0.0,0.10204081632653061,38,0
23.0,2,0.07984451299607016,15,10.0,4,7,1,1,1,0.0,0.0,0.3877551020408163,38,0
27.0,2,0.12924366311239427,7,12.0,4,5,1,4,1,0.0,0.0,0.3979591836734694,38,0
41.0,2,0.3728350039406652,11,9.0,2,12,5,4,0,0.0,0.0,0.37755102040816324,25,1
46.0,4,0.1254424784753011,14,15.0,2,9,0,4,1,0.0,0.0,0.29591836734693877,38,1
60.0,5,0.06455649234752604,15,10.0,4,7,1,4,1,0.0,0.0,0.3979591836734694,38,0
28.0,2,0.0719753701652371,15,10.0,4,7,3,4,1,0.0,0.0,0.3979591836734694,38,0
37.0,5,0.22565657441086379,7,12.0,2,3,0,4,1,0.0,0.0,0.3979591836734694,38,1
30.0,2,0.2354838622310936,9,13.0,4,9,1,4,1,0.0,0.0,0.3979591836734694,38,0
53.0,0,0.11006372773388728,9,13.0,0,3,1,4,0,0.14084140841408413,0.0,0.5204081632653061,38,1
36.0,2,0.22714211040904375,7,12.0,0,3,4,4,0,0.0,0.0,0.3979591836734694,38,0
41.0,2,0.29115963892131397,9,13.0,2,11,0,4,1,0.0,0.0,0.3979591836734694,38,0
36.0,4,0.24946645288670655,11,9.0,2,4,0,4,1,0.0,0.0,0.6530612244897959,38,0
41.0,2,0.3728350039406652,11,9.0,2,12,5,4,0,0.0,0.0,0.35714285714285715,25,1
67.0,4,0.12552711475596312,11,9.0,2,2,0,4,1,0.0,0.0,0.5510204081632653,38,1
25.0,2,0.010143488964783183,11,9.0,0,3,3,4,1,0.0,0.0,0.7551020408163265,38,0
35.0,2,0.1254979998754154,11,9.0,2,0,0,4,1,0.0,0.0,0.5510204081632653,38,0
48.0,2,0.14804781340476184,11,9.0,5,0,1,4,1,0.0,0.0,0.3979591836734694,38,0
48.0,2,0.14804781340476184,9,13.0,2,3,0,4,1,0.0,0.0,0.4489795918367347,38,1
37.0,2,0.14291614643566153,15,10.0,2,3,0,4,1,0.0,0.0,0.3979591836734694,38,0
57.0,2,0.16501230950065948,11,9.0,0,0,4,4,0,0.0,0.0,0.3979591836734694,38,0
25.0,2,0.21794451651693944,15,10.0,2,2,0,4,1,0.0,0.0,0.3979591836734694,38,0
48.0,2,0.09515894016418085,9,13.0,0,3,4,4,0,0.04934049340493405,0.0,0.5510204081632653,38,1
23.0,5,0.09608249125876493,15,10.0,4,7,1,4,1,0.0,0.0,0.3979591836734694,38,0
50.0,4,0.10996284128733815,11,9.0,2,11,0,1,1,0.04386043860438604,0.3838383838383838,0.6020408163265306,34,0
58.0,2,0.0662823953827862,11,9.0,2,2,0,4,1,0.0,0.0,0.3979591836734694,38,0
54.0,3,0.02540713436449664,14,15.0,2,3,0,4,1,0.15024150241502415,0.0,0.6020408163265306,38,1
61.0,2,0.11556237761593817,11,9.0,2,2,0,2,1,0.0,0.0,0.6020408163265306,38,1
53.0,2,0.19121299363264332,11,9.0,2,7,5,4,0,0.04064040640406404,0.0,0.3979591836734694,38,0
40.0,2,0.033549821654429386,11,9.0,2,6,0,4,1,0.0,0.0,0.4489795918367347,38,0
46.0,1,0.236931481175537,15,10.0,2,10,0,4,1,0.0,0.0,0.5,25,1
31.0,2,0.07510826673022288,11,9.0,5,11,4,4,0,0.0,0.0,0.7040816326530612,38,0
26.0,2,0.17304259980987305,11,9.0,2,10,0,2,1,0.0,0.0,0.3979591836734694,38,0
30.0,2,0.24403822039016648,1,7.0,0,8,4,2,0,0.0,0.0,0.37755102040816324,38,0
53.0,2,0.07042009387179161,11,9.0,2,13,0,4,1,0.0,0.0,0.5510204081632653,38,0
71.0,4,0.2186534300037646,9,13.0,2,11,0,4,1,0.0,0.0,0.3979591836734694,38,0
55.0,2,0.0691376849472005,6,5.0,0,7,1,4,0,0.0,0.0,0.3979591836734694,38,0
40.0,2,0.21884572363342875,15,10.0,5,2,1,4,0,0.0,0.0,0.3979591836734694,38,0
36.0,2,0.10854569140393308,12,14.0,2,3,0,4,1,0.0,0.0,0.3979591836734694,38,0
19.0,2,0.29687631186235025,1,7.0,4,4,3,4,1,0.0,0.0,0.3979591836734694,38,0
33.0,2,0.1276680741115899,11,9.0,2,3,0,4,1,0.15024150241502415,0.0,0.3979591836734694,38,1
52.0,4,0.1519228008785923,15,10.0,0,9,1,4,0,0.0,0.0,0.29591836734693877,38,0
39.0,3,0.049405243928531774,9,13.0,2,11,5,4,0,0.0,0.0,0.3979591836734694,38,1
42.0,2,0.037400433879429186,9,13.0,4,6,1,4,0,0.0,0.0,0.3979591836734694,38,0
34.0,1,0.11116670774347488,15,10.0,4,7,3,4,1,0.0,0.0,0.3979591836734694,23,0
21.0,5,0.09063530023535657,15,10.0,4,7,4,3,0,0.0,0.0,0.3979591836734694,5,0
29.0,2,0.01800450671267269,9,13.0,4,0,1,4,1,0.0,0.0,0.3979591836734694,38,0
53.0,2,0.10912189520268019,6,5.0,2,13,0,2,1,0.0,0.4331955922865014,0.3979591836734694,38,0
19.0,2,0.29687631186235025,1,7.0,4,8,3,4,1,0.0,0.0,0.3979591836734694,38,0
45.0,2,0.12818672523948682,1,7.0,2,5,0,4,1,0.0,0.0,0.3979591836734694,38,0
47.0,2,0.2236090535090879,11,9.0,2,3,0,4,1,0.0,0.0,0.4489795918367347,32,0
47.0,2,0.2236090535090879,15,10.0,6,2,1,4,1,0.0,0.0,0.3979591836734694,38,0
50.0,4,0.11353923196299295,9,13.0,2,3,0,4,1,0.15024150241502415,0.0,0.5,38,1
28.0,2,0.06386315193634268,15,10.0,4,2,1,4,1,0.0,0.0,0.3979591836734694,38,0
37.0,4,0.2991973772232258,14,15.0,2,9,0,4,1,0.0,0.0,0.46938775510204084,38,0
38.0,1,0.21539391756290846,14,15.0,2,9,0,4,1,0.0,0.0,0.3163265306122449,10,0
63.0,2,0.15175488249775884,5,4.0,6,0,1,4,0,0.0,0.0,0.11224489795918367,10,0
21.0,0,0.10529498113626577,15,10.0,4,10,3,2,1,0.0,0.0,0.3469387755102041,38,0
47.0,2,0.1837724489270828,8,11.0,0,6,2,4,1,0.0,0.0,0.3979591836734694,38,0
29.0,2,0.14116315979058952,15,10.0,2,12,5,1,0,0.0,0.0,0.3979591836734694,38,1
37.0,2,0.16853927258840767,11,9.0,2,9,0,4,1,0.0,0.0,0.3673469387755102,38,0
63.0,0,0.07920195435328402,11,9.0,2,12,0,4,1,0.0,0.0,0.3979591836734694,38,0
31.0,2,0.2757497420286165,9,13.0,2,11,0,1,1,0.07298072980729807,0.0,0.3979591836734694,29,1
45.0,2,0.04710652254575099,7,12.0,4,4,3,4,1,0.0,0.0,0.3979591836734694,38,0
26.0,2,0.13550810206187522,11,9.0,4,7,1,4,1,0.0,0.0,0.3979591836734694,38,0
63.0,2,0.13725702616547544,10,16.0,6,9,1,4,0,0.0,0.0,0.3979591836734694,38,1
29.0,2,0.014083477102162085,11,9.0,2,4,0,4,1,0.0,0.0,0.6020408163265306,38,0
20.0,2,0.15695290431089817,15,10.0,4,11,1,4,0,0.0,0.0,0.3469387755102041,38,0
22.0,2,0.10074425759762964,1,7.0,4,2,1,4,1,0.0,0.0,0.3469387755102041,38,0
39.0,2,0.06887565102227085,11,9.0,2,11,0,4,1,0.0,0.0,0.5,38,0
33.0,2,0.10123243966448824,6,6.0,4,7,3,2,1,0.0,0.0,0.3979591836734694,38,0
26.0,2,0.03367982298152627,0,5.0,0,5,1,4,1,0.0,0.0,0.29591836734693877,10,0
63.0,4,0.017684243026647565,15,10.0,2,4,0,1,1,0.1060510605106051,0.0,0.5510204081632653,18,1
61.0,1,0.22246273972380134,11,9.0,6,0,4,4,0,0.0,0.0,0.3979591836734694,38,0
24.0,2,0.10226567937881033,15,10.0,4,7,3,4,1,0.0,0.0,0.5,38,0
32.0,2,0.08308709818079393,9,13.0,4,3,1,4,0,0.0,0.0,0.3979591836734694,38,0
51.0,2,0.16451532526061202,9,13.0,0,3,1,4,1,0.0,0.0,0.6020408163265306,38,1
42.0,4,0.08131312173811775,15,10.0,2,11,0,4,1,0.0,0.0,0.29591836734693877,21,1
62.0,4,0.10386699780893596,11,9.0,6,0,1,4,0,0.0,0.0,0.24489795918367346,38,0
21.0,2,0.07339455131937805,15,10.0,4,7,3,4,1,0.0,0.0,0.19387755102040816,38,0
44.0,2,0.11773516021309384,14,15.0,2,12,0,4,1,0.0,0.0,0.37755102040816324,38,0
34.0,1,0.13252077989962815,9,13.0,6,9,4,4,0,0.0,0.0,0.5510204081632653,38,0
37.0,1,0.06990550528536646,10,16.0,2,9,5,4,0,0.0,0.0,0.5,38,0
43.0,4,0.11970820118788712,9,13.0,4,9,1,4,1,0.0,0.0,0.02040816326530612,38,0
31.0,2,0.12198322441208254,11,9.0,2,3,0,4,1,0.0,0.0,0.3979591836734694,38,0
31.0,2,0.14721296113231155,15,10.0,2,2,0,4,1,0.0,0.0,0.5510204081632653,38,0
38.0,0,0.06902325669574544,7,12.0,0,3,4,4,0,0.0,0.0,0.3979591836734694,38,0
29.0,2,0.09474117548283305,9,13.0,2,3,0,4,1,0.0,0.0,0.5510204081632653,38,1
32.0,2,0.24321081611041445,15,10.0,4,7,1,4,0,0.0,0.0,0.3979591836734694,38,0
47.0,2,0.059713942913167235,11,9.0,3,7,3,1,1,0.0,0.0,0.4897959183673469,39,0
19.0,2,0.0198103063968778,15,10.0,4,7,1,1,1,0.0,0.0,0.3979591836734694,2,0
41.0,2,0.1522525438280516,15,10.0,2,2,0,4,1,0.0,0.0,0.6020408163265306,38,1
28.0,2,0.12149707361595984,9,13.0,2,0,0,4,1,0.0,0.0,0.3979591836734694,38,1
24.0,2,0.14269406083520436,9,13.0,4,0,3,4,0,0.0,0.0,0.3163265306122449,38,0
24.0,2,0.13383907460721994,11,9.0,2,0,0,4,1,0.0,0.0,0.3979591836734694,38,0
36.0,2,0.07263011643243858,1,7.0,0,0,4,4,0,0.0,0.0,0.37755102040816324,38,0
46.0,1,0.10404642672393948,9,13.0,2,9,0,4,1,0.0,0.0,0.3469387755102041,38,1
36.0,4,0.2991973772232258,11,9.0,2,13,0,4,1,0.0,0.0,0.6530612244897959,38,1
51.0,3,0.03321398489276245,10,16.0,5,3,1,4,1,0.0,0.0,0.6020408163265306,38,1
44.0,2,0.24172798847321567,11,9.0,0,2,1,4,0,0.0,0.0,0.46938775510204084,38,0
18.0,2,0.10294480089484247,0,6.0,4,7,3,4,1,0.0,0.0,0.19387755102040816,38,0
31.0,3,0.0754461347626257,9,13.0,2,11,0,4,1,0.0,0.0,0.8061224489795918,38,1
34.0,4,0.260938392912761,9,13.0,2,9,0,2,1,1.0,0.0,0.19387755102040816,38,1
42.0,2,0.1609761745484485,15,10.0,0,2,4,4,1,0.0,0.0,0.3979591836734694,22,0
53.0,2,0.06749506401211179,9,13.0,0,0,4,2,0,0.0,0.0,0.3979591836734694,38,0
51.0,2,0.12391360870142216,12,14.0,2,3,0,4,1,0.0,0.0,0.6020408163265306,38,1
26.0,2,0.03017994350358993,9,13.0,2,0,0,4,1,0.0,0.0,0.3979591836734694,38,0
49.0,5,0.17328432102744382,9,13.0,2,11,0,4,1,0.0,0.0,0.3979591836734694,38,0
54.0,2,0.04676933160359345,12,14.0,2,3,0,4,1,0.0,0.0,0.3979591836734694,38,1
21.0,5,0.08753016437042795,15,10.0,4,0,3,4,0,0.0,0.0,0.07142857142857142,38,0
45.0,2,0.15498528005806725,15,10.0,2,3,0,4,1,0.0,0.0,0.46938775510204084,38,0
45.0,2,0.04710652254575099,9,13.0,2,9,0,4,1,0.0,0.0,0.14285714285714285,38,0
28.0,2,0.16142711665181583,11,9.0,4,2,1,4,1,0.0,0.0,0.3979591836734694,22,0
54.0,2,0.08876246861686712,11,9.0,2,2,0,4,1,0.0,0.0,0.3979591836734694,38,1
55.0,2,0.12658743808009706,9,13.0,0,3,1,4,0,0.0,0.14348025711662074,0.3979591836734694,38,0
40.0,2,0.09471138351204002,11,9.0,2,0,0,4,1,0.0,0.0,0.5204081632653061,38,1
19.0,2,0.29687631186235025,11,9.0,4,11,4,2,0,0.0,0.0,0.3469387755102041,38,1
38.0,1,0.11091618435271526,8,11.0,0,3,4,4,0,0.0,0.0,0.3979591836734694,38,0
51.0,2,0.04607057447044772,2,8.0,4,7,2,4,0,0.0,0.0,0.23469387755102042,30,0
50.0,2,0.17161055394107147,11,9.0,0,11,1,4,0,0.0,0.0,0.35714285714285715,7,0
59.0,4,0.1519228008785923,11,9.0,2,2,0,4,1,0.04386043860438604,0.0,0.3979591836734694,38,1
25.0,1,0.1759804943842135,11,9.0,4,0,3,2,1,0.0,0.0,0.8469387755102041,38,0
50.0,2,0.12437944679018598,3,6.0,2,11,5,4,0,0.0,0.0,0.3979591836734694,38,0
50.0,2,0.12437944679018598,3,6.0,0,6,4,2,0,0.0,0.0,0.2755102040816326,38,0
31.0,2,0.2757497420286165,8,11.0,4,2,1,4,1,0.0,0.0,0.3979591836734694,38,0
24.0,2,0.11960866892182857,9,13.0,2,11,0,4,1,0.045080450804508045,0.0,0.3469387755102041,38,0
24.0,2,0.3359295230305476,6,6.0,4,4,3,4,1,0.0,0.0,0.3979591836734694,38,0
21.0,2,0.13270359426585812,0,5.0,4,2,3,4,1,0.0,0.0,0.3979591836734694,38,0
49.0,2,0.12835938325203736,15,10.0,2,9,0,4,1,0.0,0.0,0.3979591836734694,38,1
18.0,2,0.15688654946685915,1,7.0,4,9,3,4,1,0.0,0.0,0.3979591836734694,38,0
65.0,2,0.07272490906678006,15,10.0,2,2,0,4,1,0.03103031030310303,0.0,0.3979591836734694,10,1
25.0,2,0.10317094903677142,15,10.0,4,7,3,4,1,0.0,0.0,0.3979591836734694,38,0
37.0,0,0.13441121586449528,11,9.0,2,7,5,4,0,0.0,0.0,0.29591836734693877,38,0
27.0,2,0.09859585024930463,15,10.0,4,5,3,4,1,0.0,0.0,0.3979591836734694,38,0
25.0,2,0.11326771877462916,8,11.0,4,7,1,4,1,0.0,0.0,0.3979591836734694,38,0
26.0,3,0.020624845961969195,9,13.0,4,0,3,2,0,0.0,0.0,0.3979591836734694,38,0
23.0,2,0.22655439607612662,15,10.0,4,9,3,4,1,0.0,0.0,0.3979591836734694,38,0
55.0,2,0.04676933160359345,9,13.0,2,3,0,4,1,0.0,0.0,0.3979591836734694,38,1
31.0,2,0.2757497420286165,15,10.0,4,11,1,2,0,0.0,0.0,0.4489795918367347,38,0
37.0,1,0.1106751402253898,8,11.0,2,10,0,4,1,0.0,0.0,0.5,38,0
35.0,2,0.22239096815779993,15,10.0,4,11,3,2,1,0.0,0.0,0.6530612244897959,38,0
50.0,4,0.11539175087412351,11,9.0,2,4,0,4,1,0.0,0.0,1.0,38,0
48.0,2,0.08787886584675551,11,9.0,0,11,1,4,0,0.0,0.0,0.41836734693877553,38,0
27.0,2,0.011112405105802121,15,10.0,2,7,0,4,1,0.15024150241502415,0.0,0.5,38,0
45.0,4,0.11970820118788712,11,9.0,4,4,3,4,1,0.0,0.0,1.0,38,0
24.0,2,0.04580718636502747,8,11.0,0,11,3,4,0,0.0,0.0,0.10204081632653061,38,0
32.0,2,0.24359743464047862,11,9.0,4,7,4,2,0,0.0,0.0,0.3979591836734694,25,1
41.0,2,0.013432793376432384,9,13.0,2,3,0,4,1,0.07688076880768807,0.0,0.3979591836734694,38,1
17.0,2,0.011738713582701156,1,7.0,4,7,3,4,0,0.0,0.0,0.05102040816326531,38,0
27.0,2,0.12924366311239427,11,9.0,4,2,1,4,1,0.0,0.4366391184573003,0.6020408163265306,38,0
36.0,5,0.16893943292337776,9,13.0,2,3,0,4,1,0.0,0.0,0.4489795918367347,38,0
38.0,2,0.10495169638190056,7,12.0,2,3,0,4,1,0.0,0.0,0.3979591836734694,38,1
25.0,2,0.05798194606569942,15,10.0,4,11,3,4,1,0.0,0.0,0.41836734693877553,38,0
32.0,2,0.0703848851790362,11,9.0,4,7,3,4,1,0.0,0.0,0.3979591836734694,38,0
31.0,2,0.09385621853223085,11,9.0,2,6,0,4,1,0.0,0.0,0.3979591836734694,38,0
40.0,2,0.051953134521581575,9,13.0,2,3,0,4,1,0.0,0.0,0.47959183673469385,38,1
26.0,5,0.17920073559084249,9,13.0,4,0,1,4,1,0.0,0.0,0.3979591836734694,38,0
51.0,2,0.04607057447044772,1,7.0,3,7,1,4,0,0.0,0.20202020202020202,0.37755102040816324,38,0
28.0,2,0.08749360149718195,11,9.0,2,7,5,4,0,0.0,0.0,0.3979591836734694,38,0
25.0,2,0.33805694058126845,1,7.0,4,8,3,4,0,0.005940059400594006,0.0,0.3979591836734694,38,0
22.0,2,0.013392845051959906,11,9.0,2,7,5,4,0,0.0,0.0,0.5,38,0
43.0,2,0.06518347791467038,9,13.0,4,3,1,4,1,0.0,0.0,0.5,38,1
47.0,2,0.0601364472262321,9,13.0,2,9,0,4,1,0.15024150241502415,0.0,0.3979591836734694,38,1
19.0,2,0.23155470753763946,1,7.0,4,4,3,2,1,0.0,0.0,0.19387755102040816,38,0
29.0,2,0.09474117548283305,9,13.0,4,9,1,4,0,0.0,0.0,0.3979591836734694,38,0
43.0,2,0.12363126206913362,12,14.0,4,3,2,4,1,0.0,0.0,0.3979591836734694,26,0
19.0,2,0.0198103063968778,15,10.0,4,4,3,4,1,0.0,0.0,0.3979591836734694,38,0
32.0,2,0.0946985187973794,11,9.0,2,3,0,4,1,0.15024150241502415,0.42424242424242425,0.3979591836734694,38,1
37.0,2,0.14291614643566153,15,10.0,0,2,2,4,0,0.0,0.4366391184573003,0.3979591836734694,38,0
43.0,2,0.06463029518426334,15,10.0,0,2,1,4,0,0.0,0.0,0.3979591836734694,38,0
51.0,2,0.08855798736278767,11,9.0,2,13,0,4,1,0.0,0.0,0.3979591836734694,38,0
43.0,2,0.09944898395837791,7,12.0,2,11,2,4,1,0.0,0.0,0.3979591836734694,38,1
34.0,2,0.07115676805867394,11,9.0,5,11,4,4,0,0.0,0.0,0.4489795918367347,38,0
28.0,2,0.0719753701652371,1,7.0,4,2,1,4,1,0.0,0.0,0.3979591836734694,38,0
24.0,2,0.0939015835786657,2,8.0,4,11,3,4,0,0.0,0.0,0.14285714285714285,38,0
39.0,2,0.08883153182188736,11,9.0,2,11,0,4,1,0.0,0.0,0.6530612244897959,38,0
77.0,2,0.13517700493192536,8,11.0,6,7,4,4,0,0.0,0.0,0.19387755102040816,38,0
57.0,2,0.15180295590517487,11,9.0,2,11,0,4,1,0.0,0.0,0.47959183673469385,38,0
44.0,2,0.15642815937079357,11,9.0,2,11,5,4,0,0.0,0.0,0.3979591836734694,38,0
41.0,2,0.1522525438280516,6,5.0,4,13,1,4,0,0.06849068490684906,0.0,0.5204081632653061,32,1
17.0,2,0.1485590165399605,1,7.0,4,5,3,4,1,0.0,0.0,0.24489795918367346,38,0
20.0,2,0.04844512996070168,15,10.0,0,0,3,4,0,0.0,0.0,0.10204081632653061,38,0
57.0,2,0.19460656994206815,15,10.0,2,9,0,4,1,0.0,0.0,0.5510204081632653,38,1
74.0,2,0.13517700493192536,8,11.0,6,11,1,4,0,0.0,0.0,0.3979591836734694,38,0
38.0,4,0.24306998133939284,1,7.0,2,4,0,4,1,0.0,0.0,0.9897959183673469,38,0
35.0,2,0.13989090721967787,11,9.0,2,0,5,4,0,0.0,0.0,0.4489795918367347,38,0
47.0,3,0.07003482952221804,11,9.0,2,3,0,4,1,0.07688076880768807,0.0,0.6020408163265306,38,1
31.0,2,0.33474190674029797,11,9.0,4,5,3,4,1,0.0,0.0,0.42857142857142855,38,0
36.0,2,0.199083490643967,15,10.0,0,3,1,4,1,0.0,0.0,0.3979591836734694,38,0
34.0,2,0.11869798254190511,7,12.0,4,0,1,4,0,0.0,0.0,0.3979591836734694,38,0
46.0,2,0.12835938325203736,15,10.0,2,2,0,2,1,0.0,0.0,0.3979591836734694,38,1
61.0,2,0.060994320567022454,11,9.0,2,10,0,4,1,0.0,0.0,0.3979591836734694,38,0
36.0,2,0.024119985808188457,11,9.0,4,4,1,4,1,0.0,0.0,0.3979591836734694,38,0
58.0,2,0.07624848670330177,0,6.0,0,12,1,4,1,0.0,0.0,0.3979591836734694,38,0
40.0,2,0.104980134172203,15,10.0,2,11,0,4,1,0.0,0.0,0.5,38,0
24.0,2,0.0469595939625217,15,10.0,2,9,5,4,0,0.0,0.0,0.3979591836734694,38,0
19.0,2,0.16988058836433956,15,10.0,4,11,2,4,1,0.0,0.0,0.29591836734693877,38,0
36.0,1,0.1367228019619367,8,11.0,0,0,4,4,0,0.0,0.0,0.3979591836734694,38,0
21.0,2,0.2736636269828588,15,10.0,4,3,3,4,0,0.0,0.0,0.3163265306122449,38,0
40.0,2,0.23971770753493107,11,9.0,0,11,1,4,0,0.0,0.0,0.3979591836734694,38,0
61.0,3,0.05745652403534953,15,10.0,2,3,0,4,1,0.0,0.0,0.6020408163265306,38,0
46.0,2,0.1054148261096832,11,9.0,5,12,1,4,0,0.0,0.0,0.5204081632653061,38,0
30.0,4,0.12007789246181888,11,9.0,0,2,1,4,1,0.0,0.0,0.3979591836734694,38,0
52.0,2,0.11134749083896898,9,13.0,0,0,1,1,0,0.0,0.0,0.3979591836734694,35,0
36.0,2,0.1141452277325331,11,9.0,4,0,1,4,1,0.0,0.0,0.5510204081632653,38,0
25.0,2,0.2180433716927527,6,6.0,5,13,3,2,1,0.0,0.0,0.3469387755102041,38,0
22.0,2,0.12228520666148467,9,13.0,4,0,3,4,1,0.0,0.0,0.3469387755102041,38,0
35.0,2,0.05563041164378553,11,9.0,4,2,1,4,1,0.0,0.0,0.3979591836734694,38,0
48.0,2,0.09442768269926088,11,9.0,0,0,1,4,0,0.0,0.0,0.41836734693877553,38,0
22.0,5,0.204452139198921,11,9.0,4,0,2,2,1,0.0,0.0,0.3979591836734694,38,0
60.0,2,0.04213803432576708,11,9.0,0,11,3,4,0,0.0,0.0,0.3979591836734694,38,0
28.0,2,0.13219035985992356,15,10.0,4,5,1,4,1,0.0,0.0,0.3979591836734694,32,0
39.0,2,0.08883153182188736,11,9.0,2,11,0,4,1,0.0,0.0,0.5,38,0
41.0,2,0.27892868073028243,15,10.0,2,13,0,4,1,0.0,0.0,0.3979591836734694,38,0
44.0,5,0.049512901277533876,9,13.0,4,3,1,4,1,0.0,0.0,0.3979591836734694,38,1
54.0,3,0.1430495332139849,11,9.0,2,2,0,4,1,0.0,0.0,0.5,38,0
39.0,2,0.10884225693137284,11,9.0,2,13,0,4,1,0.0,0.0,0.3979591836734694,38,1
24.0,1,0.11801682975513708,9,13.0,2,9,0,4,1,0.045080450804508045,0.0,0.3877551020408163,38,0
36.0,2,0.07838741478819262,11,9.0,2,4,0,4,1,0.0,0.0,0.3979591836734694,38,0
28.0,5,0.3036323183299163,9,13.0,2,9,0,4,1,0.0,0.0,0.46938775510204084,38,0
32.0,2,0.10470929807408451,11,9.0,2,3,0,4,1,0.0,0.0,0.3979591836734694,38,1
46.0,2,0.06482123463343688,15,10.0,0,9,1,4,1,0.0,0.0,0.3979591836734694,38,0
47.0,3,0.2183006659859653,11,9.0,2,4,0,4,1,0.07688076880768807,0.0,0.3979591836734694,38,1
25.0,2,0.1765418021975641,11,9.0,4,11,3,2,1,0.0,0.0,0.47959183673469385,38,0
28.0,2,0.13027961118769754,9,13.0,4,9,3,4,1,0.0,0.42424242424242425,0.3979591836734694,38,0
21.0,2,0.133089535705677,5,4.0,4,2,3,4,1,0.0,0.0,0.3979591836734694,38,0
39.0,2,0.2500947926343415,12,14.0,2,7,0,4,1,0.0,0.0,0.3979591836734694,38,1
43.0,2,0.035244578538405916,11,9.0,0,0,4,4,0,0.0,0.0,0.3979591836734694,38,0
22.0,1,0.10629639760905893,15,10.0,4,2,3,4,1,0.0,0.0,0.24489795918367346,38,0
61.0,2,0.10084582113442409,15,10.0,0,7,1,1,0,0.0,0.0,0.3979591836734694,35,0
29.0,2,0.014083477102162085,10,16.0,4,3,1,4,1,0.15024150241502415,0.0,0.3979591836734694,1,1
21.0,2,0.13270359426585812,9,13.0,4,7,3,2,0,0.0,0.0,0.3979591836734694,38,0
39.0,2,0.05799548787060534,11,9.0,2,2,0,4,1,0.0,0.0,0.3979591836734694,38,0
53.0,3,0.06856622078017047,11,9.0,2,3,0,4,1,0.07688076880768807,0.0,0.5,38,1
54.0,5,0.08539394464651827,8,11.0,0,0,1,4,0,0.0,0.0,0.29591836734693877,38,0
29.0,2,0.12568555387336247,15,10.0,2,9,0,4,1,0.0,0.0,0.3979591836734694,38,0
59.0,2,0.04213803432576708,11,9.0,0,11,4,0,0,0.0,0.0,0.3979591836734694,38,0
32.0,2,0.05578749658069426,11,9.0,4,2,4,4,1,0.0,0.3838383838383838,0.3979591836734694,38,0
27.0,2,0.10579941336901147,15,10.0,2,11,0,4,1,0.0,0.0,0.3979591836734694,32,0
52.0,5,0.06072619282988514,12,14.0,2,3,0,4,1,0.0,0.0,0.5,38,1
42.0,2,0.037400433879429186,9,13.0,4,3,1,4,0,0.0,0.0,0.5510204081632653,38,1
38.0,1,0.16166071278644303,15,10.0,4,0,1,4,1,0.0,0.0,0.3979591836734694,38,0
23.0,2,0.1283160494763384,11,9.0,4,2,3,4,1,0.0,0.0,0.5,38,0
47.0,1,0.15534549206856488,11,9.0,2,10,0,4,1,0.0,0.0,0.3979591836734694,38,0
33.0,2,0.1306107083176474,15,10.0,2,9,0,4,1,0.0,0.0,0.3979591836734694,38,1
19.0,2,0.209601410514399,11,9.0,4,5,2,2,1,0.0,0.0,0.3979591836734694,38,0
27.0,2,0.12924366311239427,7,12.0,4,5,1,4,1,0.0,0.0,0.3979591836734694,38,0
37.0,2,0.21780368174591783,15,10.0,5,3,1,2,0,0.0,0.0,0.5,38,0
38.0,2,0.2776909597618809,15,10.0,2,13,0,4,1,0.0,0.0,0.3979591836734694,38,0
24.0,2,0.06825069672586241,15,10.0,2,2,0,4,1,0.024070240702407025,0.0,0.3979591836734694,10,0
65.0,2,0.062094592215628866,11,9.0,2,2,0,4,1,0.0,0.0,0.3673469387755102,38,0
46.0,2,0.09541081773543104,9,13.0,2,13,0,4,1,0.0,0.0,0.3979591836734694,38,1
35.0,4,0.20839618987777167,15,10.0,2,2,0,4,1,0.0,0.0,0.3979591836734694,38,0
35.0,2,0.13636868376364675,11,9.0,2,3,0,4,1,0.0,0.0,0.3979591836734694,38,1
31.0,2,0.05313262572888765,9,13.0,2,3,0,4,1,0.0,0.0,0.5510204081632653,38,0
32.0,2,0.12157155354294241,11,9.0,2,3,0,4,1,0.07298072980729807,0.0,0.3979591836734694,38,1
78.0,3,0.20999547703716143,1,7.0,2,11,0,4,1,0.0,0.0,0.3979591836734694,38,0
52.0,1,0.13018752691433724,12,14.0,2,9,0,4,1,0.0,0.0,0.4489795918367347,38,1
21.0,5,0.06598515276510114,15,10.0,4,7,3,4,1,0.0,0.0,0.09183673469387756,23,0
56.0,2,0.05474477760293803,9,13.0,2,3,0,4,1,0.0,0.0,0.5,38,0
31.0,2,0.263299406598109,11,9.0,4,7,4,4,1,0.0,0.0,0.3979591836734694,38,0
26.0,2,0.2517326739377131,15,10.0,2,11,0,4,1,0.0,0.0,0.3979591836734694,38,0
26.0,2,0.04942149409441888,9,13.0,4,9,1,4,0,0.0,0.0,0.3979591836734694,38,0
57.0,3,0.0741826843649029,9,13.0,2,11,0,4,1,0.0,0.0,0.7040816326530612,38,1
19.0,2,0.15210967778629406,15,10.0,4,11,1,4,0,0.0,0.0,0.3979591836734694,38,0
41.0,2,0.15861516086310049,15,10.0,2,13,0,4,1,0.0,0.0,0.5,38,0
74.0,2,0.13378152193636977,15,10.0,6,0,3,4,1,0.0,0.0,0.07142857142857142,38,0
61.0,5,0.13038794562694495,11,9.0,0,0,1,4,0,0.0,0.0,0.4489795918367347,38,0
59.0,1,0.2859650025594011,0,6.0,2,6,0,4,1,0.0,0.0,0.42857142857142855,38,0
44.0,2,0.08495722143830219,11,9.0,2,6,0,4,1,0.0,0.0,0.3979591836734694,38,0
50.0,4,0.11539175087412351,9,13.0,2,11,0,4,1,0.0,0.0,0.5,38,1
24.0,2,0.11960866892182857,2,8.0,4,7,1,4,0,0.0,0.0,0.3979591836734694,38,0
32.0,2,0.057031988451548776,11,9.0,2,2,0,4,1,0.0,0.0,0.3979591836734694,38,0
57.0,1,0.40283416434876107,0,6.0,2,11,5,4,0,0.0,0.0,0.3469387755102041,25,1
36.0,2,0.024119985808188457,11,9.0,2,2,0,4,1,0.0,0.0,0.3979591836734694,38,0
52.0,2,0.11030951149292982,9,13.0,0,3,1,4,0,0.04934049340493405,0.0,0.4489795918367347,38,1
34.0,2,0.05917091653643964,12,14.0,4,9,1,4,1,0.0,0.0,0.4489795918367347,38,1
31.0,2,0.26404894549965197,11,9.0,4,7,1,1,0,0.0,0.0,0.3979591836734694,38,0
31.0,2,0.26404894549965197,15,10.0,2,2,0,4,1,0.0,0.0,0.3979591836734694,38,0
56.0,4,0.19195440745124273,9,13.0,2,3,0,1,1,0.0,0.0,0.5,29,1
50.0,1,0.007362679327351467,1,7.0,4,7,4,4,1,0.0,0.0,0.3979591836734694,38,0
62.0,2,0.04048999666871599,11,9.0,2,4,0,4,1,0.0,0.0,0.3979591836734694,38,0
62.0,0,0.22246273972380134,15,10.0,6,9,1,4,0,0.13550135501355012,0.0,0.19387755102040816,38,1
32.0,2,0.24149642360932436,11,9.0,4,8,4,2,0,0.0,0.0,0.3979591836734694,38,0
60.0,2,0.06767381583687,11,9.0,2,3,0,4,1,0.0,0.0,0.4489795918367347,38,1
34.0,2,0.07913627659949028,0,6.0,4,6,4,4,1,0.0,0.0,0.4387755102040816,38,0
33.0,2,0.11180317257405337,9,13.0,4,12,4,4,0,0.0,0.0,0.37755102040816324,38,0
49.0,5,0.12834042472516907,1,7.0,0,2,4,2,1,0.0,0.4331955922865014,0.3979591836734694,38,0
42.0,2,0.1150322159538712,9,13.0,2,9,0,4,1,0.0,0.0,0.3979591836734694,38,0
44.0,2,0.24172798847321567,11,9.0,2,2,0,4,1,0.0,0.0,0.3979591836734694,38,1
21.0,2,0.10253042166472116,15,10.0,4,11,3,4,1,0.0,0.0,0.19387755102040816,38,0
54.0,2,0.08167604210959653,11,9.0,2,6,0,4,1,0.0,0.0,0.3979591836734694,38,0
31.0,2,0.10858225427717907,9,13.0,4,5,1,4,1,0.0,0.4366391184573003,0.3979591836734694,38,0
56.0,2,0.132566144946063,11,9.0,0,0,4,2,0,0.0,0.0,0.29591836734693877,38,0
38.0,2,0.39023825451551486,11,9.0,2,12,5,2,0,0.0,0.0,0.3979591836734694,25,1
26.0,2,0.13550810206187522,9,13.0,4,11,1,4,1,0.0,0.0,0.47959183673469385,38,0
21.0,2,0.11791594330858794,11,9.0,0,3,1,4,0,0.0,0.0,0.3979591836734694,38,0
49.0,2,0.08697359618879442,8,11.0,6,4,1,4,0,0.0,0.0,0.3979591836734694,38,0
62.0,2,0.08819371281081828,6,5.0,6,12,1,4,0,0.0,0.0,0.04081632653061224,10,0
40.0,2,0.104980134172203,11,9.0,2,6,0,4,1,0.0,0.0,0.3979591836734694,38,1
29.0,2,0.08219740159847465,9,13.0,2,3,0,4,1,0.0,0.39967860422405876,0.5,38,0
33.0,2,0.1635254193219889,12,14.0,2,3,0,4,1,0.0,0.45385674931129477,0.3979591836734694,38,0
41.0,2,0.08934138077659542,11,9.0,2,11,0,4,1,0.0,0.0,0.3979591836734694,38,1
48.0,2,0.10291230056306824,9,13.0,0,3,1,4,0,0.14084140841408413,0.0,0.4489795918367347,38,1
19.0,2,0.10508508316022393,11,9.0,4,11,3,4,1,0.0,0.0,0.29591836734693877,38,0
37.0,0,0.018594929406571026,11,9.0,0,2,1,4,1,0.0,0.0,0.3979591836734694,38,0
51.0,2,0.12391360870142216,5,4.0,0,6,1,4,1,0.0,0.0,0.29591836734693877,38,0
40.0,2,0.2362977247059397,11,9.0,0,2,1,4,1,0.0,0.0,0.3979591836734694,38,0
48.0,2,0.12481752417889266,15,10.0,2,3,0,4,1,0.0,0.0,0.5,38,1
64.0,2,0.13739582966576117,15,10.0,6,6,1,4,0,0.0,0.0,0.19387755102040816,38,0
42.0,2,0.22167460667827651,15,10.0,6,11,4,4,0,0.0,0.0,0.3979591836734694,38,0
46.0,2,0.2774241862052342,7,12.0,2,2,0,4,1,0.0,0.0,0.3979591836734694,38,0
43.0,2,0.0304385919772931,0,6.0,4,7,1,4,0,0.0,0.0,0.3979591836734694,38,0
28.0,2,0.13762874871014308,11,9.0,2,5,0,4,1,0.0,0.0,0.3979591836734694,38,1
22.0,2,0.12668426198517443,15,10.0,4,2,3,4,1,0.0,0.0,0.3979591836734694,38,0
57.0,2,0.19460656994206815,15,10.0,2,9,0,4,1,0.0,0.0,0.4489795918367347,38,1
31.0,2,0.05313262572888765,10,16.0,2,9,5,4,0,0.0,0.0,0.3979591836734694,38,1
18.0,5,0.2173019578741533,1,7.0,4,13,3,2,1,0.0,0.0,0.14285714285714285,38,0
39.0,2,0.08883153182188736,11,9.0,2,11,0,4,1,0.0,0.0,0.5,38,0
45.0,2,0.12818672523948682,1,7.0,2,0,0,4,1,0.0,0.0,0.3979591836734694,38,0
36.0,2,0.05807944706102208,11,9.0,2,7,5,4,0,0.0,0.0,0.3979591836734694,38,0
18.0,2,0.2972155340752437,1,7.0,4,13,3,2,1,0.0,0.0,0.3979591836734694,38,0
20.0,2,0.12847651986447362,11,9.0,4,11,3,4,1,0.0,0.0,0.5,38,0
58.0,2,0.24286482299506806,11,9.0,0,3,4,0,0,0.0,0.0,0.3979591836734694,38,0
32.0,2,0.08900825237590967,0,6.0,2,7,0,4,1,1.0,0.0,0.6020408163265306,38,1
31.0,2,0.263299406598109,11,9.0,2,2,0,2,1,0.0,0.4366391184573003,0.2755102040816326,38,0
43.0,2,0.14034997440598873,11,9.0,5,6,1,4,1,0.0,0.0,0.3979591836734694,38,0
43.0,3,0.053181376226548976,9,13.0,2,3,0,4,1,0.07688076880768807,0.0,0.41836734693877553,38,1
61.0,2,0.07190156732849981,9,13.0,2,11,0,4,1,0.0,0.0,0.3979591836734694,38,0
26.0,2,0.10346548329347528,11,9.0,2,7,0,4,1,0.0,0.0,0.5,38,0
59.0,2,0.11047065897131034,11,9.0,2,6,0,4,1,0.0,0.0,0.4489795918367347,38,1
49.0,3,0.12037648925999453,14,15.0,2,3,0,4,1,0.0,0.0,0.5,38,1
37.0,5,0.09281146828373874,11,9.0,2,9,0,4,1,0.0,0.0,0.3979591836734694,38,0
21.0,2,0.16258290970053652,15,10.0,4,0,1,4,0,0.0,0.0,0.19387755102040816,22,0
54.0,1,0.17526277872419949,15,10.0,0,7,4,2,0,0.0,0.0,0.3979591836734694,38,0
32.0,3,0.12717244405203304,11,9.0,2,4,0,4,1,0.07688076880768807,0.0,0.3979591836734694,38,1
25.0,2,0.10537690905594661,15,10.0,0,7,3,2,1,0.0,0.0,0.3979591836734694,23,0
53.0,1,0.062492721279863064,12,14.0,0,9,1,4,0,0.0,0.0,0.3979591836734694,38,1
56.0,0,0.0602271773191018,9,13.0,2,3,0,4,1,0.0,0.0,0.5510204081632653,38,1
67.0,4,0.12552711475596312,11,9.0,2,2,0,4,1,0.0,0.0,0.3979591836734694,38,0
63.0,2,0.11511956059551441,2,8.0,0,7,1,4,0,0.0,0.0,0.3979591836734694,38,0
31.0,2,0.07645025959640005,15,10.0,4,0,1,4,1,0.0,0.0,0.4489795918367347,38,0
40.0,2,0.033549821654429386,11,9.0,4,7,3,4,1,0.0,0.0,0.3979591836734694,38,0
22.0,2,0.060355824465708086,11,9.0,4,13,1,4,1,0.0,0.0,0.24489795918367346,38,0
48.0,2,0.020119059548732894,11,9.0,4,7,4,4,0,0.0,0.0,0.05102040816326531,38,1
48.0,1,0.09577306101666455,9,13.0,0,0,4,4,0,0.0,0.0,0.5510204081632653,38,0
34.0,2,0.12322771628293705,14,15.0,2,11,0,4,1,0.0,0.0,0.5,38,0
28.0,2,0.11206926904045479,11,9.0,2,3,0,4,1,0.15024150241502415,0.0,0.8469387755102041,38,1
35.0,2,0.17741795697497745,9,13.0,4,11,2,4,1,0.0,0.0,0.5510204081632653,13,0
31.0,0,0.093141211233198,15,10.0,2,10,0,4,1,0.051780517805178054,0.4722222222222222,0.5,38,1
59.0,1,0.10686921595657956,0,6.0,0,7,4,2,1,0.0,0.0,0.3979591836734694,38,0
25.0,2,0.11979486873928505,11,9.0,4,10,1,4,0,0.0,0.0,0.3979591836734694,38,0
57.0,2,0.3385099139553716,11,9.0,2,0,0,4,1,0.0,0.0,0.3979591836734694,38,1
62.0,3,0.09632895210805277,14,15.0,2,3,5,4,0,0.0,0.0,0.24489795918367346,38,1
41.0,1,0.08372220883088181,14,15.0,2,9,0,4,1,0.0,0.0,0.3979591836734694,38,1
25.0,2,0.10165020434583603,11,9.0,2,6,0,4,1,0.0,0.0,0.3979591836734694,38,0
38.0,5,0.04284288527112048,9,13.0,2,3,0,4,1,0.0,0.0,0.3979591836734694,38,0
61.0,2,0.010540263848526786,6,5.0,2,9,0,4,1,0.0,0.0,0.3979591836734694,38,0
56.0,2,0.07068077361623067,1,7.0,2,2,0,4,1,0.0,0.0,0.19387755102040816,38,0
52.0,1,0.12627936201848727,12,14.0,2,9,5,4,0,0.0,0.0,0.4489795918367347,38,0
45.0,2,0.12818672523948682,1,7.0,2,0,0,4,1,0.0,0.0,0.3979591836734694,38,0
48.0,2,0.020119059548732894,11,9.0,2,2,0,4,1,0.0,0.0,0.5510204081632653,38,0
53.0,1,0.062492721279863064,12,14.0,0,9,4,2,0,0.0,0.0,0.2755102040816326,38,0
47.0,2,0.20170721534449,11,9.0,0,11,1,4,1,0.0,0.0,0.3979591836734694,38,0
20.0,2,0.02322351832341622,15,10.0,4,7,1,1,0,0.0,0.0,0.29591836734693877,18,0
37.0,2,0.07656333366736452,12,14.0,2,3,0,4,1,0.0,0.6483011937557392,0.47959183673469385,38,0
18.0,5,0.10294480089484247,11,9.0,4,7,3,4,1,0.0,0.0,0.07142857142857142,38,0
26.0,2,0.09579066536304225,15,10.0,2,2,0,4,1,0.051780517805178054,0.0,0.3979591836734694,38,1
18.0,2,0.09390564612013748,11,9.0,4,11,3,4,0,0.0,0.0,0.11224489795918367,38,0
39.0,0,0.08883153182188736,11,9.0,2,10,5,2,0,0.0,0.4722222222222222,0.3979591836734694,38,0
36.0,4,0.14473548792477256,9,13.0,3,4,1,4,1,0.0,0.4595959595959596,0.5,38,0
34.0,0,0.06576577552562515,7,12.0,0,2,1,4,1,0.0,0.0,0.3979591836734694,38,0
50.0,4,0.12130884252776747,11,9.0,2,4,0,4,1,0.0,0.0,1.0,38,1
27.0,2,0.09859585024930463,11,9.0,2,0,0,4,1,0.04064040640406404,0.0,0.3979591836734694,38,0
22.0,2,0.1277405227678366,15,10.0,4,12,1,4,0,0.0,0.0,0.4489795918367347,38,0
49.0,4,0.05183125827742825,15,10.0,2,9,5,4,0,0.0,0.0,0.19387755102040816,38,1
59.0,1,0.08379465748712851,0,6.0,0,7,1,4,0,0.0,0.0,0.3979591836734694,38,0
18.0,5,0.2173019578741533,11,9.0,4,0,3,2,0,0.0,0.0,0.19387755102040816,38,0
42.0,2,0.29550452702538005,9,13.0,2,9,5,4,0,0.07298072980729807,0.0,0.3469387755102041,38,1
29.0,2,0.08219740159847465,11,9.0,4,0,3,4,1,0.0,0.0,0.3979591836734694,38,0
28.0,2,0.13762874871014308,11,9.0,2,12,0,4,1,0.0,0.0,0.5,38,1
46.0,2,0.1054148261096832,11,9.0,5,0,1,4,0,0.0,0.0,0.41836734693877553,38,0
34.0,1,0.08848892415776745,11,9.0,2,2,0,4,1,0.0,0.0,0.3979591836734694,38,0
31.0,2,0.06794329775449791,11,9.0,2,7,5,4,0,0.0,0.0,0.3979591836734694,38,0
61.0,2,0.11556237761593817,2,8.0,2,5,0,2,1,0.0,0.4331955922865014,0.3979591836734694,38,0
19.0,2,0.15210967778629406,11,9.0,4,11,4,2,0,0.0,0.39462809917355374,0.3979591836734694,38,0
33.0,2,0.10123243966448824,6,2.0,2,13,0,2,1,0.0,0.0,0.3979591836734694,38,0
60.0,2,0.06767381583687,10,16.0,2,9,0,4,1,0.0,0.0,0.3979591836734694,38,0
68.0,2,0.06373789024096288,9,13.0,2,11,0,4,1,0.0,0.0,0.3979591836734694,38,1
49.0,4,0.10412903173386562,8,11.0,6,0,1,4,0,0.0,0.3838383838383838,0.07142857142857142,38,0
59.0,2,0.1143273650085178,2,8.0,2,3,0,4,1,0.0,0.0,0.3979591836734694,38,0
21.0,2,0.13270359426585812,11,9.0,4,2,3,4,1,0.0,0.0,0.3979591836734694,38,0
26.0,2,0.11553055437440923,11,9.0,0,5,1,2,1,0.024630246302463025,0.0,0.3979591836734694,38,0
41.0,2,0.1581608333085067,6,5.0,2,13,0,4,1,0.0,0.0,0.3979591836734694,38,0
67.0,4,0.22222304977696647,15,10.0,2,11,0,4,1,0.04386043860438604,0.0,0.5,38,1
22.0,2,0.09428617083799397,0,5.0,4,13,1,4,0,0.0,0.0,0.23469387755102042,38,0
47.0,2,0.2236090535090879,11,9.0,5,2,1,4,1,0.0,0.0,0.3979591836734694,38,0
25.0,4,0.06794329775449791,15,10.0,4,10,3,4,1,0.0,0.0,0.7244897959183674,38,0
55.0,2,0.18840916292687154,9,13.0,2,3,0,1,1,0.0,0.0,0.6020408163265306,29,1
17.0,2,0.07710297459286564,0,6.0,4,7,3,4,1,0.0,0.0,0.14285714285714285,38,0
32.0,2,0.10830532436685292,14,15.0,2,9,0,4,1,0.15020150201502014,0.0,0.3979591836734694,38,1
43.0,2,0.14034997440598873,10,16.0,2,9,0,4,1,0.0,0.0,0.3979591836734694,38,1
24.0,2,0.0469595939625217,11,9.0,4,11,4,3,1,0.0,0.0,0.5,38,0
26.0,5,0.09608249125876493,15,10.0,2,12,0,4,1,0.051780517805178054,0.0,0.3979591836734694,38,1
34.0,3,0.11254323221216217,9,13.0,4,7,1,4,1,0.0,0.0,0.3979591836734694,38,0
42.0,2,0.17415979871461187,6,5.0,2,13,0,4,1,0.0,0.0,0.3469387755102041,38,0
31.0,3,0.060899527932680976,14,15.0,2,9,5,4,0,0.0,0.0,0.3469387755102041,38,0
32.0,2,0.057031988451548776,11,9.0,2,5,0,4,1,0.0,0.0,0.29591836734693877,38,0
54.0,2,0.0755009790724947,14,15.0,2,9,0,4,1,0.0,0.0,0.3469387755102041,38,1
30.0,4,0.1117598387983544,11,9.0,4,7,1,4,1,0.0,0.0,0.3979591836734694,38,0
17.0,2,0.011738713582701156,1,7.0,4,7,3,4,0,0.0,0.0,0.11224489795918367,38,0
74.0,2,0.047470120007475074,5,4.0,2,4,0,4,1,0.02885028850288503,0.0,0.3979591836734694,38,0
36.0,2,0.199083490643967,9,13.0,3,11,1,4,1,0.0,0.0,0.5,38,1
22.0,2,0.12849209294011543,11,9.0,2,3,5,4,0,0.0,0.0,0.3979591836734694,38,0
42.0,4,0.009309990872823493,7,12.0,3,0,1,4,0,0.0,0.0,0.29591836734693877,38,0
73.0,2,0.13517700493192536,9,13.0,6,11,3,4,0,0.0,0.0,0.3469387755102041,38,0
22.0,2,0.1277405227678366,15,10.0,4,12,3,4,0,0.0,0.0,0.3979591836734694,38,0
61.0,2,0.10084582113442409,6,5.0,6,7,4,2,0,0.0,0.0,0.15306122448979592,38,0
39.0,2,0.2500947926343415,11,9.0,0,2,1,4,1,0.0,0.0,0.3979591836734694,38,0
50.0,2,0.10744271139434548,8,11.0,2,11,5,4,0,0.0,0.0,0.3979591836734694,38,0
53.0,4,0.05548957687276391,11,9.0,2,13,0,4,1,0.15024150241502415,0.0,0.3979591836734694,38,1
26.0,2,0.22130220704336356,9,13.0,4,12,1,4,0,0.0,0.0,0.3979591836734694,38,0
43.0,2,0.1416906130916753,0,2.0,2,6,0,2,1,0.0,0.0,0.3979591836734694,25,0
55.0,2,0.12658743808009706,9,13.0,0,3,1,4,0,0.0,0.0,0.3979591836734694,38,0
21.0,5,0.01690220379333039,15,10.0,0,0,1,4,1,0.0,0.0,0.3979591836734694,38,0
28.0,2,0.30900502942634206,9,13.0,4,9,1,1,1,0.0,0.0,0.3979591836734694,29,0
52.0,3,0.02540713436449664,10,16.0,5,3,3,4,0,0.0,0.0,0.3979591836734694,38,0
38.0,2,0.12827136152014884,11,9.0,2,0,5,4,0,0.0,0.0,0.3979591836734694,38,1
33.0,0,0.20368093340952856,11,9.0,2,10,0,4,1,0.0,0.0,0.37755102040816324,38,1
57.0,2,0.3385099139553716,11,9.0,4,2,1,4,1,0.0,0.0,0.3979591836734694,25,0
30.0,4,0.19649158918497292,0,6.0,0,11,1,4,1,0.0,0.0,0.3979591836734694,38,0
31.0,2,0.06794329775449791,9,13.0,4,3,1,4,0,0.0,0.0,0.5,38,0
19.0,2,0.16988058836433956,11,9.0,4,11,2,2,1,0.0,0.0,0.5,38,0
32.0,2,0.24321081611041445,11,9.0,4,8,4,2,0,0.0,0.0,0.5,10,1
26.0,3,0.07262537680072151,15,10.0,4,10,1,4,1,0.0,0.0,0.3979591836734694,38,0
21.0,2,0.10253042166472116,15,10.0,4,11,3,4,0,0.0,0.0,0.2653061224489796,38,0
38.0,3,0.315075143475423,11,9.0,2,3,0,4,1,0.0,0.3838383838383838,0.6020408163265306,38,0
22.0,2,0.13023627741199859,15,10.0,4,12,1,4,1,0.0,0.0,0.3979591836734694,38,0
29.0,2,0.014083477102162085,9,13.0,4,9,1,4,1,0.0,0.0,0.4489795918367347,38,0
46.0,2,0.21550699163387294,11,9.0,2,7,5,4,0,0.03137031370313703,0.0,0.3979591836734694,38,0
26.0,2,0.0935955387877918,15,10.0,0,13,1,4,0,0.0,0.0,0.3979591836734694,38,0
41.0,2,0.013432793376432384,11,9.0,2,4,0,4,1,0.0,0.0,0.3979591836734694,38,0
33.0,0,0.16618502980551259,8,11.0,4,0,1,4,1,0.0,0.0,0.3673469387755102,38,0
65.0,2,0.10973330769418271,11,9.0,0,0,1,4,0,0.0,0.0,0.3979591836734694,38,0
34.0,2,0.02399810956403513,10,16.0,2,9,0,4,1,0.15024150241502415,0.0,0.41836734693877553,38,1
33.0,2,0.04751751632464581,15,10.0,5,0,4,4,0,0.0,0.0,0.15306122448979592,38,0
26.0,2,0.03017994350358993,0,5.0,0,13,1,4,1,0.0,0.0,0.4489795918367347,10,0
22.0,2,0.15659810902236293,2,8.0,4,13,1,4,1,0.06849068490684906,0.0,0.24489795918367346,38,1
40.0,2,0.23971770753493107,11,9.0,0,2,1,4,1,0.0,0.0,0.5,38,0
44.0,2,0.24172798847321567,11,9.0,0,2,4,4,1,0.0,0.0,0.24489795918367346,38,0
63.0,2,0.11511956059551441,2,8.0,0,7,1,2,0,0.0,0.0,0.3979591836734694,38,0
62.0,2,0.10438023221487053,11,9.0,6,7,1,2,0,0.0,0.0,0.19387755102040816,38,0
30.0,4,0.19649158918497292,11,9.0,4,0,3,4,1,0.0,0.0,0.7551020408163265,38,0
53.0,2,0.09732292058814768,6,5.0,2,6,0,4,1,0.0,0.0,0.3979591836734694,38,0
49.0,5,0.13110363001622308,11,9.0,0,3,1,4,1,0.0,0.0,0.5,38,0
39.0,2,0.03652292492152524,15,10.0,0,11,1,4,0,0.0,0.0,0.3979591836734694,38,0
44.0,2,0.11580613010424481,9,13.0,2,3,0,4,1,0.15024150241502415,0.0,0.6020408163265306,38,1
34.0,2,0.13257765548023304,11,9.0,4,6,3,4,0,0.0,0.0,0.24489795918367346,38,0
59.0,2,0.06767381583687,15,10.0,2,3,0,4,1,0.07688076880768807,0.0,0.3979591836734694,38,1
78.0,1,0.0700957676442947,15,10.0,5,11,1,4,1,0.0,0.0,0.3979591836734694,38,0
25.0,2,0.2148800060667286,11,9.0,4,5,3,2,1,0.0,0.0,0.3979591836734694,38,0
65.0,2,0.11057154541785948,5,4.0,6,7,1,4,0,0.0,0.0,0.11224489795918367,10,0
46.0,4,0.1254424784753011,10,16.0,2,9,0,4,1,0.0,0.3590449954086318,0.19387755102040816,38,1
60.0,5,0.06072619282988514,11,9.0,4,7,4,4,0,0.0,0.0,0.3979591836734694,38,0
27.0,2,0.09859585024930463,11,9.0,2,7,5,1,0,0.0,0.0,0.3979591836734694,34,0
38.0,2,0.1594053251793612,11,9.0,2,11,0,4,1,0.0,0.0,0.5,38,0
21.0,5,0.09063530023535657,15,10.0,4,0,1,4,0,0.0,0.0,0.09183673469387756,38,0
24.0,2,0.3893214743233837,11,9.0,4,5,3,4,1,0.0,0.0,0.3979591836734694,25,0
51.0,2,0.2805110406335398,11,9.0,2,2,0,2,1,0.0,0.0,0.46938775510204084,38,0
26.0,3,0.05718704211772162,9,13.0,4,3,4,3,0,0.0,0.0,0.3979591836734694,23,0
45.0,2,0.19708607442034304,11,9.0,2,3,0,4,1,0.0,0.0,0.3979591836734694,38,0
49.0,2,0.18842812145373983,9,13.0,2,3,0,4,1,0.0,0.0,0.3979591836734694,38,1
45.0,3,0.12037648925999453,10,16.0,2,9,0,4,1,0.15024150241502415,0.0,0.5,38,1
53.0,2,0.07693437912178687,11,9.0,2,6,0,4,1,0.0,0.0,0.3979591836734694,38,0
29.0,4,0.22454343804759674,7,12.0,4,10,1,4,1,0.13550135501355012,0.0,0.7040816326530612,38,1
65.0,5,0.21222987484663905,15,10.0,6,9,2,4,0,0.0,0.0,0.11224489795918367,5,0
28.0,2,0.11725848868040528,9,13.0,4,0,1,4,1,0.0,0.459366391184573,0.3979591836734694,38,0
17.0,2,0.07670552261887674,0,6.0,4,7,3,4,0,0.0,0.0,0.07142857142857142,38,0
24.0,2,0.14269406083520436,15,10.0,4,9,3,4,1,0.0,0.0,0.3979591836734694,38,0
70.0,2,0.16525403071823025,11,9.0,2,3,0,4,1,0.0,0.0,0.19387755102040816,38,0
32.0,2,0.24359743464047862,11,9.0,4,6,3,4,1,0.0,0.0,0.3979591836734694,38,0
39.0,2,0.08883153182188736,11,9.0,2,0,5,4,0,0.0,0.0,0.3979591836734694,38,0
78.0,4,0.06292741321734326,11,9.0,2,7,5,4,0,0.0,0.0,0.3979591836734694,38,0
53.0,2,0.06749506401211179,1,7.0,0,6,3,4,0,0.0,0.0,0.3979591836734694,38,0
59.0,4,0.19195440745124273,15,10.0,2,2,0,4,1,0.0,0.0,0.5510204081632653,38,0
48.0,1,0.007362679327351467,9,13.0,4,9,1,1,0,0.0,0.3590449954086318,0.3979591836734694,38,1
25.0,2,0.28986165692108107,9,13.0,4,12,3,4,0,0.0,0.0,0.3979591836734694,38,0
34.0,1,0.08848892415776745,11,9.0,0,3,4,4,0,0.0,0.0,0.3979591836734694,38,0
62.0,1,0.09473575876087069,11,9.0,6,0,1,4,0,0.0,0.0,0.35714285714285715,38,0
22.0,2,0.15659810902236293,2,8.0,2,5,0,4,1,0.0,0.0,0.3469387755102041,38,0
34.0,2,0.12322771628293705,11,9.0,5,6,4,4,0,0.0,0.0,0.3979591836734694,38,0
37.0,0,0.13441121586449528,11,9.0,5,2,2,4,0,0.0,0.0,0.3979591836734694,38,0
58.0,2,0.07624848670330177,11,9.0,2,13,0,4,1,0.0,0.0,0.3979591836734694,38,0
34.0,2,0.08900825237590967,11,9.0,2,4,5,4,0,0.0,0.0,0.3979591836734694,38,1
50.0,4,0.05215829286590634,11,9.0,2,7,5,4,0,0.0,0.0,0.24489795918367346,38,1
40.0,2,0.104980134172203,15,10.0,2,11,0,4,1,0.0,0.0,0.5,38,1
77.0,1,0.3716169185893773,11,9.0,2,3,0,4,1,0.0,0.0,0.3979591836734694,25,1
30.0,2,0.2354838622310936,8,11.0,2,7,5,4,0,0.0,0.0,0.3979591836734694,38,1
60.0,2,0.07341012439501987,15,10.0,2,2,0,4,1,0.0,0.0,0.3979591836734694,38,1
22.0,2,0.08995820999006031,11,9.0,4,11,1,4,0,0.0,0.0,0.3979591836734694,38,0
39.0,2,0.03652292492152524,9,13.0,2,3,0,4,1,0.0,0.0,0.5510204081632653,38,1
35.0,2,0.08951945551110835,11,9.0,2,11,0,4,1,0.0,0.0,0.5,38,0
29.0,2,0.11005086301922666,11,9.0,2,3,0,4,1,0.15024150241502415,0.0,0.5510204081632653,38,1
30.0,2,0.14278817637930055,11,9.0,4,11,4,2,0,0.0,0.0,0.37755102040816324,38,0
50.0,1,0.09577306101666455,12,14.0,2,0,5,4,0,0.0,0.5204315886134068,0.3469387755102041,38,1
28.0,2,0.034834938940001677,11,9.0,0,7,1,4,0,0.0,0.0,0.6020408163265306,38,0
32.0,2,0.24149642360932436,15,10.0,2,7,5,4,0,0.0,0.0,0.35714285714285715,38,1
52.0,1,0.20245540006554233,15,10.0,6,13,4,4,0,0.06849068490684906,0.0,0.3979591836734694,38,1
62.0,4,0.017684243026647565,15,10.0,2,2,0,4,1,0.15024150241502415,0.0,0.5,38,1
30.0,1,0.1759804943842135,14,15.0,2,9,0,4,1,0.0,0.0,0.3979591836734694,8,0
37.0,2,0.06680578614240021,9,13.0,4,3,1,4,0,0.0,0.0,0.3979591836734694,38,0
36.0,2,0.15320047017146635,11,9.0,4,5,1,4,1,0.024630246302463025,0.39462809917355374,0.3979591836734694,38,0
35.0,2,0.06329101067906735,9,13.0,2,9,5,4,0,0.0,0.0,0.3979591836734694,38,0
48.0,2,0.17716878776470843,11,9.0,2,6,0,4,1,0.0,0.0,0.3979591836734694,38,0
26.0,2,0.22130220704336356,9,13.0,2,12,0,4,1,0.0,0.0,0.3979591836734694,38,0
63.0,2,0.06265183748750769,11,9.0,2,7,2,4,1,0.0,0.0,0.3469387755102041,38,0
53.0,2,0.10950445119127258,11,9.0,2,13,0,4,1,0.04064040640406404,0.0,0.3979591836734694,38,1
63.0,2,0.13725702616547544,8,11.0,6,0,1,4,0,0.0,0.0,0.24489795918367346,38,0
51.0,2,0.08855798736278767,15,10.0,2,3,0,4,1,0.0,0.0,0.3979591836734694,38,1
18.0,2,0.10294480089484247,11,9.0,4,7,3,2,0,0.0,0.0,0.19387755102040816,38,0
28.0,2,0.02570843952365347,10,16.0,2,9,0,4,1,0.0,0.0,0.3979591836734694,38,1
53.0,2,0.07042009387179161,11,9.0,2,0,0,4,1,0.0,0.0,0.3979591836734694,38,0
31.0,2,0.13274083422934943,11,9.0,2,3,0,4,1,0.0,0.0,0.3979591836734694,38,0
27.0,2,0.2024452437118629,11,9.0,4,5,4,2,0,0.0,0.0,0.37755102040816324,38,0
49.0,2,0.08697359618879442,11,9.0,0,6,1,4,0,0.0,0.0,0.3979591836734694,38,0
50.0,4,0.22327050838643978,11,9.0,2,13,0,4,1,0.0,0.0,0.47959183673469385,38,0
39.0,2,0.17922240247869198,11,9.0,2,6,5,4,0,0.0,0.0,0.3979591836734694,38,0
33.0,2,0.04751751632464581,11,9.0,4,0,3,4,0,0.0,0.0,0.37755102040816324,38,0
20.0,2,0.11788141170607783,11,9.0,4,5,3,4,1,0.0,0.0,0.3979591836734694,38,0
33.0,2,0.1306107083176474,11,9.0,4,9,1,4,1,0.0,0.0,0.3979591836734694,38,0
44.0,4,0.15569013100342066,7,12.0,2,11,0,4,1,0.0,0.0,0.3979591836734694,38,1
35.0,2,0.13989090721967787,11,9.0,4,2,1,4,1,0.0,0.0,0.3979591836734694,38,0
21.0,2,0.13329401695975646,5,4.0,4,5,3,4,1,0.0,0.0,0.3979591836734694,38,0
37.0,2,0.16853927258840767,11,9.0,2,0,5,4,0,0.0,0.0,0.3979591836734694,38,0
47.0,2,0.20170721534449,15,10.0,0,11,1,4,1,0.0,0.0,0.47959183673469385,38,0
54.0,5,0.06455649234752604,9,13.0,0,10,4,2,0,0.0,0.0,0.2755102040816326,38,0
33.0,4,0.260938392912761,9,13.0,6,4,4,4,0,0.0,0.0,0.24489795918367346,25,0
45.0,2,0.04710652254575099,5,4.0,4,13,1,4,1,0.0,0.0,0.3469387755102041,38,0
50.0,4,0.11539175087412351,9,13.0,2,3,5,4,0,0.0,0.0,0.24489795918367346,38,1
36.0,0,0.1174358863246729,9,13.0,4,4,1,4,1,0.0,0.459366391184573,0.19387755102040816,38,0
64.0,2,0.15175488249775884,11,9.0,2,11,2,4,1,0.0,0.0,0.5,30,0
26.0,2,0.08735412090665093,15,10.0,4,6,3,4,0,0.0,0.0,0.3979591836734694,38,0
41.0,1,0.09454888185316891,7,12.0,5,10,4,4,0,0.0,0.0,0.3979591836734694,38,0
37.0,4,0.2300793278931389,8,11.0,2,4,0,4,1,0.0,0.0,0.9897959183673469,38,1
45.0,2,0.12818672523948682,1,7.0,2,0,0,4,1,0.0,0.0,0.3979591836734694,38,0
62.0,2,0.0938826250517974,1,7.0,0,7,1,4,0,0.0,0.0,0.19387755102040816,20,0
29.0,2,0.06543535548592058,8,11.0,4,5,3,1,0,0.0,0.0,0.3979591836734694,38,0
43.0,4,0.15861516086310049,9,13.0,2,0,0,4,1,0.0,0.0,0.3979591836734694,38,0
27.0,2,0.09478112380730554,11,9.0,2,7,0,4,1,0.03942039420394204,0.0,0.4489795918367347,38,0
21.0,5,0.10529498113626577,15,10.0,4,7,3,2,1,0.0,0.0,0.09183673469387756,38,0
24.0,2,0.1791838083347101,9,13.0,4,0,3,4,1,0.0,0.0,0.3979591836734694,38,0
37.0,2,0.07656333366736452,1,7.0,2,3,0,4,1,0.0,0.0,0.3979591836734694,38,0
43.0,2,0.14034997440598873,8,11.0,2,9,0,4,1,0.0,0.0,0.3979591836734694,38,1
34.0,2,0.11966622159267876,11,9.0,5,0,4,4,1,0.0,0.0,0.3979591836734694,38,0
48.0,2,0.09442768269926088,5,4.0,2,2,0,4,1,0.0,0.0,0.3979591836734694,38,0
21.0,2,0.10163327708970363,15,10.0,4,11,1,4,1,0.0,0.0,0.3979591836734694,38,0
27.0,2,0.11879480644698248,15,10.0,0,11,1,4,0,0.0,0.0,0.3979591836734694,38,0
28.0,2,0.30900502942634206,15,10.0,2,13,0,4,1,0.0,0.0,0.5102040816326531,38,1
25.0,1,0.11801682975513708,11,9.0,4,4,3,4,1,0.0,0.0,0.3979591836734694,38,0
52.0,3,0.06856622078017047,1,7.0,2,2,0,4,1,0.0,0.0,0.5,38,0
25.0,2,0.20015193905104448,9,13.0,2,0,0,4,1,0.15024150241502415,0.0,0.3469387755102041,38,1
20.0,2,0.11969669065371709,11,9.0,4,5,3,4,1,0.0,0.0,0.24489795918367346,38,0
18.0,2,0.14611878329591282,0,6.0,4,2,3,4,1,0.0,0.0,0.35714285714285715,38,0
17.0,2,0.07308038144556059,1,7.0,4,7,3,2,1,0.0,0.0,0.07142857142857142,38,0
32.0,2,0.16955423086610677,11,9.0,4,2,3,4,0,0.0,0.0,0.5,38,0
25.0,2,0.25797883145057104,9,13.0,4,3,3,1,1,0.0,0.0,0.3979591836734694,38,0
39.0,2,0.05799548787060534,11,9.0,2,7,2,4,1,0.0,0.0,0.3979591836734694,38,0
37.0,0,0.018594929406571026,0,1.0,0,13,1,4,1,0.0,0.0,0.3469387755102041,25,0
39.0,2,0.04952982853366628,15,10.0,3,11,4,0,0,0.0,0.0,0.3979591836734694,38,0
39.0,2,0.2916410500857196,9,13.0,2,7,0,4,1,0.0,0.0,0.46938775510204084,38,1
28.0,2,0.12149707361595984,11,9.0,4,3,1,4,0,0.0,0.0,0.5,38,0
34.0,2,0.06576577552562515,15,10.0,5,2,1,4,1,0.0,0.0,0.4489795918367347,38,0
32.0,2,0.10830532436685292,9,13.0,4,5,1,4,1,0.0,0.0,0.3979591836734694,38,0
41.0,1,0.12731192464256405,11,9.0,2,2,0,4,1,0.0,0.0,0.3979591836734694,38,1
29.0,2,0.09474117548283305,9,13.0,4,3,1,4,0,0.0,0.0,0.3979591836734694,38,0
37.0,2,0.09362262239760365,15,10.0,2,9,0,4,1,0.07688076880768807,0.0,0.6020408163265306,38,1
51.0,2,0.12228588375172997,5,4.0,2,11,0,4,1,0.0,0.0,0.3979591836734694,38,0
56.0,2,0.038748520557814026,8,11.0,2,13,0,4,1,0.0,0.0,0.7040816326530612,38,1
40.0,2,0.104980134172203,11,9.0,2,0,0,4,1,0.0,0.0,0.3979591836734694,38,0
25.0,2,0.10537690905594661,11,9.0,0,6,3,4,1,0.0,0.0,0.3979591836734694,38,0
52.0,4,0.05548957687276391,11,9.0,2,13,0,4,1,0.0,0.0,0.7040816326530612,38,0
48.0,2,0.1625720762566118,9,13.0,0,3,2,4,1,0.0,0.0,0.6020408163265306,38,0
46.0,2,0.18216842213597598,8,11.0,5,6,1,2,0,0.0,0.0,0.5,38,0
34.0,2,0.13451819612325208,11,9.0,2,9,5,4,0,0.0,0.0,0.3979591836734694,38,0
17.0,2,0.011738713582701156,0,6.0,4,7,3,4,0,0.0,0.0,0.19387755102040816,38,0
52.0,0,0.20245540006554233,11,9.0,0,7,1,4,0,0.0,0.0,0.3979591836734694,38,0
20.0,0,0.01690220379333039,15,10.0,4,10,1,1,1,0.0,0.0,0.3979591836734694,18,0
36.0,2,0.1519735826469895,11,9.0,4,5,1,4,1,0.0,0.39623507805325986,0.3979591836734694,38,0
46.0,2,0.2774241862052342,15,10.0,2,2,5,4,0,0.0,0.0,0.3979591836734694,38,0
32.0,2,0.12157155354294241,15,10.0,2,0,0,4,1,0.0,0.0,0.3979591836734694,38,0
24.0,2,0.12182478529468321,11,9.0,4,7,3,4,1,0.0,0.0,0.5,38,0
53.0,2,0.19121299363264332,9,13.0,2,11,0,4,1,0.07688076880768807,0.0,0.5,38,1
35.0,2,0.13636529831242028,11,9.0,2,7,0,4,0,0.0,0.0,0.3979591836734694,38,1
42.0,2,0.22167460667827651,15,10.0,2,11,0,4,1,0.0,0.0,0.3979591836734694,38,0
49.0,2,0.12835938325203736,11,9.0,2,13,0,4,1,0.0,0.0,0.3979591836734694,38,1
20.0,2,0.12847651986447362,2,8.0,4,5,3,4,1,0.0,0.0,0.3979591836734694,38,0
50.0,2,0.07547592673341874,9,13.0,0,3,1,4,0,0.04934049340493405,0.14348025711662074,0.5204081632653061,38,1
63.0,2,0.11511956059551441,1,7.0,0,7,1,4,1,0.0,0.0,0.3979591836734694,38,0
37.0,2,0.16853927258840767,11,9.0,2,0,5,4,0,0.0,0.0,0.3979591836734694,38,0
52.0,1,0.13018752691433724,12,14.0,0,9,1,4,0,0.0,0.5544077134986226,0.37755102040816324,38,0
37.0,1,0.06990550528536646,10,16.0,2,9,5,4,0,0.0,0.0,0.3469387755102041,38,1
35.0,2,0.07046816727920764,11,9.0,5,11,1,1,1,0.0,0.0,0.6530612244897959,39,0
17.0,2,0.19068757160229344,1,7.0,4,5,3,2,1,0.0,0.0,0.19387755102040816,38,0
56.0,2,0.2236815021653346,11,9.0,2,0,0,4,1,0.0,0.0,0.3979591836734694,38,1
43.0,2,0.03645927843846739,9,13.0,4,3,1,4,0,0.0,0.0,0.3979591836734694,38,1
19.0,2,0.05634271058183719,15,10.0,4,13,3,4,0,0.0,0.0,0.10204081632653061,38,0
40.0,2,0.02507400596381088,11,9.0,0,13,1,4,0,0.0,0.0,0.5612244897959183,38,0
24.0,2,0.04580718636502747,9,13.0,4,11,3,2,1,0.0,0.0,0.3979591836734694,38,0
31.0,2,0.06468107695266055,15,10.0,2,13,5,4,0,0.0,0.0,0.37755102040816324,38,0
42.0,2,0.015440365953735777,11,9.0,2,0,0,4,1,0.0,0.0,0.3979591836734694,38,0
26.0,3,0.05718704211772162,9,13.0,2,3,0,4,1,0.0,0.0,0.8061224489795918,38,1
38.0,2,0.15520804274876973,12,14.0,2,3,0,4,1,0.0,0.45385674931129477,0.3979591836734694,38,1
34.0,1,0.11116670774347488,12,14.0,4,9,1,4,1,0.0,0.0,0.3979591836734694,38,0
54.0,5,0.12505450576474636,11,9.0,6,3,4,4,0,0.0,0.0,0.3979591836734694,38,0
18.0,2,0.175654813976226,11,9.0,4,5,3,4,1,0.0,0.0,0.3469387755102041,38,0
44.0,2,0.1723512906694256,15,10.0,2,3,0,4,1,0.0,0.0,0.46938775510204084,38,1
43.0,5,0.10411819828994087,7,12.0,2,3,0,4,1,0.07688076880768807,0.0,0.5,38,1
38.0,4,0.39023825451551486,11,9.0,2,4,0,4,1,0.0,0.0,0.8673469387755102,38,0
32.0,2,0.11901418368645847,11,9.0,4,7,2,1,1,0.0,0.0,0.5,38,0
58.0,2,0.07624848670330177,11,9.0,4,3,4,4,0,0.0,0.0,0.24489795918367346,38,0
36.0,1,0.12109420492000855,1,7.0,2,6,0,4,1,0.0,0.0,0.6020408163265306,38,0
28.0,2,0.2668954328908774,9,13.0,4,9,3,4,1,0.0,0.0,0.2755102040816326,38,0
39.0,2,0.19778144610226228,11,9.0,2,3,0,4,1,0.0,0.0,0.3979591836734694,38,1
54.0,2,0.09098129335070296,14,15.0,2,9,0,1,1,0.0,0.0,0.5,35,0
48.0,2,0.14804781340476184,9,13.0,2,5,0,4,1,0.0,0.0,0.29591836734693877,38,1
32.0,3,0.11254323221216217,9,13.0,2,11,0,4,1,0.0,0.0,0.6020408163265306,38,1
80.0,4,0.3716169185893773,11,9.0,2,11,0,4,1,0.0,0.0,0.3979591836734694,25,1
52.0,0,0.12627936201848727,1,7.0,2,2,0,4,1,0.0,0.0,0.3163265306122449,38,0
62.0,2,0.22377155516795902,9,13.0,6,11,1,4,0,0.0,0.0,0.3469387755102041,38,0
31.0,2,0.07645025959640005,15,10.0,4,3,1,4,1,0.0,0.3624885215794307,0.3469387755102041,38,0
35.0,2,0.0278175756377513,11,9.0,2,12,0,4,1,0.0,0.0,0.3979591836734694,38,0
35.0,2,0.10614811484533905,11,9.0,2,4,0,4,1,0.0,0.0,0.6020408163265306,38,0
27.0,2,0.19562085112952196,15,10.0,2,2,0,4,1,0.0,0.0,0.5510204081632653,38,0
34.0,2,0.07115676805867394,11,9.0,4,7,3,4,0,0.0,0.0,0.05102040816326531,38,0
20.0,2,0.02322351832341622,2,8.0,4,7,1,4,0,0.0,0.0,0.3469387755102041,38,0
25.0,2,0.25797883145057104,9,13.0,2,9,5,1,0,0.07298072980729807,0.0,0.5,29,1
55.0,2,0.18840916292687154,9,13.0,2,3,0,4,1,0.0,0.0,0.5510204081632653,32,1
57.0,3,0.0741826843649029,9,13.0,2,0,0,4,1,0.0,0.0,0.3979591836734694,38,1
38.0,2,0.2776909597618809,4,3.0,2,4,5,4,0,0.0,0.0,0.3979591836734694,25,0
34.0,1,0.0963424939129587,6,6.0,2,2,0,4,1,0.0,0.0,0.4489795918367347,38,0
55.0,1,0.062492721279863064,12,14.0,0,9,3,1,0,0.0,0.0,0.47959183673469385,35,1
77.0,4,0.014401032427206027,6,5.0,2,7,5,4,0,0.0,0.0,0.3979591836734694,38,0
37.0,5,0.09281146828373874,10,16.0,2,9,0,4,1,0.0,0.0,0.3979591836734694,38,1
68.0,5,0.2755987509039155,12,14.0,6,11,1,4,0,0.0,0.0,0.3979591836734694,38,0
55.0,1,0.062492721279863064,12,14.0,4,9,1,4,1,0.0,0.0,0.6020408163265306,38,1
60.0,0,0.17870307426054974,11,9.0,2,0,0,4,1,0.0,0.0,0.3979591836734694,38,0
40.0,1,0.19795004157334106,15,10.0,2,3,0,4,1,0.0,0.0,0.3469387755102041,38,0
21.0,0,0.08753016437042795,15,10.0,4,7,3,2,1,0.0,0.0,0.3469387755102041,38,0
40.0,2,0.02507400596381088,11,9.0,2,4,0,4,1,0.0,0.0,0.3979591836734694,38,0
34.0,2,0.08604395128200266,12,14.0,2,3,0,4,1,0.0,0.0,0.5510204081632653,38,0
30.0,2,0.21240998085188786,11,9.0,4,7,4,2,0,0.0,0.0,0.3979591836734694,38,0
49.0,2,0.08573926067161936,11,9.0,0,9,4,4,0,0.01055010550105501,0.0,0.3979591836734694,38,0
27.0,2,0.23282154338658873,15,10.0,4,0,1,4,1,0.0,0.0,0.3979591836734694,38,0
36.0,2,0.08062181259767026,11,9.0,2,5,0,4,1,0.0,0.0,0.29591836734693877,38,0
54.0,4,0.19195440745124273,1,7.0,2,2,0,4,1,0.0,0.0,0.5510204081632653,38,1
21.0,2,0.12351954217865974,11,9.0,4,3,1,2,0,0.0,0.0,0.3979591836734694,38,0
58.0,2,0.24286482299506806,12,14.0,2,0,0,4,1,0.0,0.0,0.3979591836734694,38,1
25.0,2,0.2594210336730521,9,13.0,4,11,3,4,1,0.0,0.0,0.47959183673469385,10,0
31.0,2,0.263299406598109,9,13.0,4,9,3,4,1,0.0,0.0,0.3979591836734694,38,0
58.0,2,0.11095884103816893,11,9.0,2,2,0,4,1,0.0,0.0,0.4387755102040816,38,1
30.0,2,0.209601410514399,11,9.0,4,7,3,2,1,0.0,0.0,0.3979591836734694,38,0
26.0,2,0.03367982298152627,9,13.0,4,0,1,4,0,0.0,0.0,0.3979591836734694,38,0
38.0,4,0.24306998133939284,11,9.0,2,11,0,4,1,0.0,0.0,0.6020408163265306,38,0
43.0,4,0.11970820118788712,11,9.0,4,4,2,4,1,0.0,0.0,1.0,38,0
32.0,2,0.16955423086610677,14,15.0,5,9,1,4,0,0.0,0.0,0.5,1,0
44.0,2,0.12079357685109703,12,14.0,2,9,0,4,1,0.0,0.0,0.5,38,1
24.0,2,0.04580718636502747,9,13.0,4,7,3,1,0,0.0,0.0,0.10204081632653061,38,0
20.0,2,0.04844512996070168,15,10.0,0,3,3,4,0,0.0,0.0,0.19387755102040816,38,0
26.0,2,0.17545168690263713,9,13.0,4,12,1,4,1,0.0,0.0,0.3979591836734694,38,0
52.0,4,0.16774098318920339,9,13.0,2,0,0,2,1,0.0,0.0,0.5,38,0
19.0,2,0.0198103063968778,2,8.0,4,2,3,4,1,0.0,0.0,0.19387755102040816,38,0
39.0,2,0.19778144610226228,11,9.0,2,3,0,4,1,0.0,0.0,0.4489795918367347,38,1
41.0,4,0.08131312173811775,9,13.0,2,9,0,4,1,0.0,0.0,0.3469387755102041,38,1
37.0,4,0.1185388663342605,11,9.0,4,7,1,4,0,0.0,0.0,0.19387755102040816,38,0
49.0,3,0.12037648925999453,15,10.0,2,11,0,4,1,0.0,0.0,0.6020408163265306,38,1
56.0,2,0.17103231887158848,9,13.0,4,9,1,4,1,0.02907029070290703,0.0,0.3979591836734694,4,0
55.0,2,0.14993892645987428,11,9.0,2,11,5,4,0,0.0,0.0,0.3979591836734694,38,0
53.0,0,0.11006372773388728,9,13.0,0,3,1,4,0,0.14084140841408413,0.0,0.4489795918367347,38,1
65.0,2,0.07272490906678006,11,9.0,2,9,5,4,0,0.0,0.0,0.4489795918367347,38,0
46.0,2,0.08907054467847693,9,13.0,2,13,0,4,1,0.0,0.0,0.3979591836734694,38,1
33.0,2,0.20368093340952856,11,9.0,4,11,4,4,0,0.0,0.0,0.3979591836734694,38,0
46.0,1,0.020119059548732894,14,15.0,0,9,4,4,0,0.0,0.0,0.23469387755102042,38,0
46.0,2,0.1089397579266955,14,15.0,2,9,0,1,1,0.15020150201502014,0.0,0.3979591836734694,18,1
46.0,2,0.06482123463343688,11,9.0,4,3,3,4,1,0.0,0.0,0.32653061224489793,38,0
36.0,2,0.1378454175886379,10,16.0,2,9,5,2,0,0.0,0.0,0.3979591836734694,38,1
54.0,2,0.08167604210959653,15,10.0,2,2,0,1,1,0.0,0.0,0.3979591836734694,35,0
59.0,2,0.04213803432576708,11,9.0,0,11,1,4,0,0.0,0.0,0.3979591836734694,38,0
21.0,2,0.06044655455857779,11,9.0,2,10,0,4,1,0.0,0.0,0.3469387755102041,38,1
34.0,2,0.13451819612325208,12,14.0,0,0,3,4,1,0.0,0.0,0.4489795918367347,38,0
21.0,2,0.06396336129264653,11,9.0,0,5,3,1,1,0.0,0.0,0.19387755102040816,34,0
29.0,2,0.17457824048620496,14,15.0,4,9,1,4,1,0.0,0.5369605142332415,0.5,8,0
26.0,5,0.06296871572230633,9,13.0,2,3,0,4,1,0.0,0.0,0.5510204081632653,38,0
34.0,2,0.11015784327798346,12,14.0,0,5,1,4,1,0.0,0.0,0.4489795918367347,38,0
30.0,2,0.1002635235234693,11,9.0,2,6,0,4,1,0.0,0.0,0.3979591836734694,38,0
45.0,2,0.21118309332741106,11,9.0,2,6,0,4,1,0.03137031370313703,0.0,0.24489795918367346,38,0
31.0,2,0.008204979592500007,15,10.0,2,3,0,3,1,0.0,0.0,0.3979591836734694,38,0
33.0,2,0.22066100258106802,15,10.0,2,7,0,4,1,0.0,0.0,0.3979591836734694,38,0
26.0,2,0.17545168690263713,9,13.0,4,0,3,4,1,0.0,0.0,0.8469387755102041,38,0
29.0,2,0.14116315979058952,15,10.0,4,0,1,4,1,0.0,0.0,0.7551020408163265,38,0
25.0,2,0.13401782643197815,8,11.0,4,5,3,4,1,0.0,0.0,0.3979591836734694,38,0
22.0,2,0.12228520666148467,9,13.0,4,0,3,4,1,0.0,0.0,0.29591836734693877,38,0
39.0,2,0.11367803546327869,7,12.0,5,0,4,2,0,0.0,0.0,0.3673469387755102,38,0
28.0,2,0.08731146422119726,9,13.0,4,3,4,4,0,0.0,0.0,0.3979591836734694,38,0
25.0,2,0.19206477316122603,11,9.0,2,12,0,4,1,0.0,0.0,0.3979591836734694,38,0
25.0,3,0.02922253789674103,9,13.0,4,9,1,4,1,0.0,0.0,0.3979591836734694,38,0
46.0,2,0.28093354494660466,15,10.0,2,13,0,4,1,0.0,0.0,0.5102040816326531,38,0
32.0,4,0.19100648110782797,3,6.0,4,4,4,2,0,0.0,0.0,0.3979591836734694,38,0
63.0,2,0.15175488249775884,11,9.0,2,3,0,4,1,0.0,0.0,0.4489795918367347,38,1
29.0,2,0.16465412876089777,9,13.0,4,12,3,4,0,0.02907029070290703,0.0,0.3979591836734694,38,0
47.0,5,0.12834042472516907,9,13.0,2,2,0,4,1,0.0,0.0,0.29591836734693877,38,1
38.0,1,0.21539391756290846,9,13.0,2,9,0,4,1,0.0,0.0,0.3979591836734694,38,0
36.0,2,0.0866188009002592,11,9.0,0,2,1,4,1,0.0,0.0,0.47959183673469385,38,0
23.0,2,0.07984451299607016,11,9.0,2,6,5,4,0,0.0,0.0,0.3979591836734694,38,0
18.0,2,0.14538752583099285,0,6.0,4,5,3,4,1,0.0,0.0,0.3979591836734694,38,0
50.0,4,0.02760429221048298,11,9.0,2,4,0,4,1,0.0,0.0,0.8061224489795918,38,0
26.0,2,0.22130220704336356,9,13.0,4,0,1,4,1,0.0,0.0,0.3979591836734694,38,0
54.0,2,0.14993892645987428,11,9.0,2,11,5,4,0,0.0,0.0,0.3979591836734694,38,0
30.0,4,0.1117598387983544,11,9.0,4,2,3,4,1,0.0,0.0,0.3979591836734694,38,0
61.0,5,0.22246273972380134,0,6.0,6,0,1,4,0,0.0,0.0,0.3979591836734694,38,0
19.0,2,0.209601410514399,11,9.0,4,11,1,1,1,0.0,0.0,0.3979591836734694,38,0
47.0,2,0.12037648925999453,15,10.0,2,9,0,4,1,0.0,0.0,0.3979591836734694,38,1
18.0,2,0.11607222657064624,1,7.0,4,7,3,4,0,0.0,0.0,0.19387755102040816,38,0
39.0,2,0.11023300029521135,11,9.0,2,0,0,4,1,0.0,0.0,0.3979591836734694,38,0
41.0,2,0.06445154335950513,15,10.0,4,3,1,4,1,0.0,0.0,0.3979591836734694,38,0
37.0,2,0.06680578614240021,9,13.0,0,3,4,4,0,0.08614086140861409,0.0,0.6020408163265306,38,1
25.0,2,0.2148800060667286,11,9.0,4,13,3,2,0,0.0,0.0,0.5,38,0
31.0,2,0.06794329775449791,9,13.0,4,3,1,4,0,0.0,0.0,0.6020408163265306,38,1
33.0,2,0.11529898951051792,9,13.0,4,5,2,2,1,0.0,0.459366391184573,0.23469387755102042,38,0
73.0,4,0.2174637824427791,9,13.0,2,11,0,4,1,0.0,0.0,0.19387755102040816,38,0
49.0,5,0.12834042472516907,9,13.0,0,3,2,4,1,0.0,0.0,0.8061224489795918,38,0
65.0,4,0.10755984800678174,11,9.0,2,4,0,4,1,0.0,0.3838383838383838,0.9897959183673469,38,0
36.0,1,0.12109420492000855,14,15.0,2,9,0,4,1,0.0,0.0,0.3979591836734694,38,0
50.0,4,0.1474052547619757,11,9.0,2,2,0,4,1,0.0,0.4366391184573003,0.3979591836734694,38,0
58.0,2,0.07624848670330177,0,6.0,0,7,1,4,0,0.0,0.0,0.3979591836734694,38,0
19.0,2,0.1437347485422247,11,9.0,5,5,3,4,1,0.0,0.0,0.3979591836734694,38,0
30.0,4,0.19649158918497292,11,9.0,2,3,0,4,1,0.0,0.0,0.5510204081632653,38,0
41.0,4,0.08131312173811775,9,13.0,2,9,0,4,1,0.0,0.39967860422405876,0.5,38,1
46.0,2,0.23365910402002021,9,13.0,2,9,0,4,1,0.0,0.0,0.3979591836734694,38,0
31.0,2,0.008204979592500007,15,10.0,2,3,0,0,1,0.0,0.0,0.5,38,1
31.0,2,0.2499079157266397,11,9.0,2,5,0,4,1,0.0,0.0,0.3979591836734694,38,0
34.0,1,0.0963424939129587,6,5.0,4,7,4,2,0,0.0,0.0,0.3979591836734694,38,0
21.0,2,0.11465236832626,15,10.0,4,11,1,2,1,0.0,0.0,0.3469387755102041,38,0
59.0,0,0.40283416434876107,11,9.0,2,13,0,4,1,0.0,0.0,0.3979591836734694,25,0
29.0,2,0.0944263285187703,9,13.0,2,12,0,4,1,0.0,0.39967860422405876,0.3979591836734694,38,1
46.0,2,0.1054148261096832,11,9.0,5,6,2,4,1,0.0,0.0,0.5,38,0
37.0,4,0.09969205935643927,11,9.0,2,2,0,4,1,0.051780517805178054,0.0,0.5,38,1
51.0,2,0.122893910792006,12,14.0,2,11,0,1,1,0.0,0.0,0.5,38,0
57.0,2,0.3385099139553716,12,14.0,2,0,0,4,1,0.0,0.0,0.42857142857142855,38,0
42.0,2,0.1609761745484485,4,3.0,4,4,3,4,1,0.0,0.0,0.3979591836734694,4,0
23.0,2,0.07984451299607016,11,9.0,2,7,5,4,0,0.0,0.0,0.3469387755102041,38,0
59.0,2,0.06767381583687,15,10.0,2,11,5,4,0,0.0,0.0,0.3979591836734694,38,1
38.0,1,0.06981883773396853,7,12.0,0,3,4,4,0,0.0,0.0,0.3979591836734694,38,0
30.0,2,0.19159013289927335,11,9.0,4,6,4,4,0,0.0,0.0,0.5,38,0
48.0,2,0.10071311144634601,9,13.0,2,9,0,4,1,0.0,0.0,0.5,38,1
39.0,2,0.15925297987416956,11,9.0,2,7,0,4,1,0.0,0.0,0.3979591836734694,38,0
35.0,2,0.2090035398278024,9,13.0,4,13,3,4,1,0.0,0.0,0.47959183673469385,38,0
50.0,2,0.037817521470531676,1,7.0,4,2,1,4,1,0.0,0.0,0.29591836734693877,38,0
39.0,2,0.2500947926343415,11,9.0,2,2,0,4,1,0.0,0.0,0.3979591836734694,38,0
41.0,2,0.11769859733984785,11,9.0,2,13,0,4,1,0.0,0.0,0.3979591836734694,38,1
51.0,2,0.16451532526061202,15,10.0,2,3,0,4,1,0.0,0.0,0.3979591836734694,38,1
27.0,4,0.13209015050361972,11,9.0,4,2,1,4,1,0.0,0.3409090909090909,0.7551020408163265,38,0
42.0,2,0.14724478437384048,0,2.0,4,11,1,4,1,0.0,0.0,0.3979591836734694,25,0
25.0,2,0.10537690905594661,11,9.0,0,5,3,2,1,0.0,0.0,0.3979591836734694,38,0
33.0,2,0.04751751632464581,15,10.0,4,2,1,4,1,0.0,0.0,0.4489795918367347,38,0
53.0,1,0.11006372773388728,12,14.0,0,3,1,4,0,0.04650046500465005,0.0,0.4489795918367347,38,0
53.0,2,0.06856622078017047,11,9.0,2,7,2,4,1,0.0,0.0,0.3163265306122449,38,1
30.0,4,0.12007789246181888,11,9.0,2,4,0,4,1,0.0,0.0,0.5,38,0
49.0,3,0.22732492477527375,8,11.0,2,3,0,4,1,0.0,0.0,0.5510204081632653,32,1
56.0,1,0.10686921595657956,12,14.0,4,10,1,4,0,0.0,0.0,0.3979591836734694,38,1
46.0,0,0.15227353362565577,15,10.0,2,10,0,4,1,0.0,0.45385674931129477,0.7040816326530612,38,1
50.0,2,0.12437944679018598,3,6.0,0,6,1,4,0,0.0,0.0,0.3979591836734694,38,0
38.0,0,0.06902325669574544,15,10.0,2,0,5,4,0,0.07688076880768807,0.0,0.3469387755102041,38,1
22.0,2,0.0655958258740558,11,9.0,4,5,3,4,1,0.0,0.0,0.3979591836734694,38,0
43.0,2,0.18122049579256122,11,9.0,0,2,4,4,0,0.0,0.0,0.3979591836734694,38,0
